LocalTime,Power(MW)
01/01/06 00:00,0.0
01/01/06 01:00,0.0
01/01/06 02:00,0.0
01/01/06 03:00,0.0
01/01/06 04:00,0.0
01/01/06 05:00,0.0
01/01/06 06:00,0.0
01/01/06 07:00,0.0
01/01/06 08:00,0.2
01/01/06 09:00,4.3
01/01/06 10:00,5.2
01/01/06 11:00,5.5
01/01/06 12:00,6.7
01/01/06 13:00,5.9
01/01/06 14:00,4.5
01/01/06 15:00,3.5
01/01/06 16:00,0.8
01/01/06 17:00,0.0
01/01/06 18:00,0.0
01/01/06 19:00,0.0
01/01/06 20:00,0.0
01/01/06 21:00,0.0
01/01/06 22:00,0.0
01/01/06 23:00,0.0
01/02/06 00:00,0.0
01/02/06 01:00,0.0
01/02/06 02:00,0.0
01/02/06 03:00,0.0
01/02/06 04:00,0.0
01/02/06 05:00,0.0
01/02/06 06:00,0.0
01/02/06 07:00,0.0
01/02/06 08:00,0.0
01/02/06 09:00,0.0
01/02/06 10:00,0.1
01/02/06 11:00,0.0
01/02/06 12:00,0.0
01/02/06 13:00,0.0
01/02/06 14:00,0.0
01/02/06 15:00,0.0
01/02/06 16:00,0.0
01/02/06 17:00,0.0
01/02/06 18:00,0.0
01/02/06 19:00,0.0
01/02/06 20:00,0.0
01/02/06 21:00,0.0
01/02/06 22:00,0.0
01/02/06 23:00,0.0
01/03/06 00:00,0.0
01/03/06 01:00,0.0
01/03/06 02:00,0.0
01/03/06 03:00,0.0
01/03/06 04:00,0.0
01/03/06 05:00,0.0
01/03/06 06:00,0.0
01/03/06 07:00,0.0
01/03/06 08:00,0.0
01/03/06 09:00,0.0
01/03/06 10:00,0.0
01/03/06 11:00,0.0
01/03/06 12:00,0.0
01/03/06 13:00,0.0
01/03/06 14:00,0.0
01/03/06 15:00,0.0
01/03/06 16:00,0.0
01/03/06 17:00,0.0
01/03/06 18:00,0.0
01/03/06 19:00,0.0
01/03/06 20:00,0.0
01/03/06 21:00,0.0
01/03/06 22:00,0.0
01/03/06 23:00,0.0
01/04/06 00:00,0.0
01/04/06 01:00,0.0
01/04/06 02:00,0.0
01/04/06 03:00,0.0
01/04/06 04:00,0.0
01/04/06 05:00,0.0
01/04/06 06:00,0.0
01/04/06 07:00,0.0
01/04/06 08:00,0.0
01/04/06 09:00,0.2
01/04/06 10:00,1.6
01/04/06 11:00,2.1
01/04/06 12:00,1.4
01/04/06 13:00,2.2
01/04/06 14:00,2.3
01/04/06 15:00,2.9
01/04/06 16:00,0.9
01/04/06 17:00,0.0
01/04/06 18:00,0.0
01/04/06 19:00,0.0
01/04/06 20:00,0.0
01/04/06 21:00,0.0
01/04/06 22:00,0.0
01/04/06 23:00,0.0
01/05/06 00:00,0.0
01/05/06 01:00,0.0
01/05/06 02:00,0.0
01/05/06 03:00,0.0
01/05/06 04:00,0.0
01/05/06 05:00,0.0
01/05/06 06:00,0.0
01/05/06 07:00,0.0
01/05/06 08:00,0.2
01/05/06 09:00,4.2
01/05/06 10:00,5.7
01/05/06 11:00,6.3
01/05/06 12:00,6.5
01/05/06 13:00,6.1
01/05/06 14:00,3.8
01/05/06 15:00,3.3
01/05/06 16:00,1.5
01/05/06 17:00,0.0
01/05/06 18:00,0.0
01/05/06 19:00,0.0
01/05/06 20:00,0.0
01/05/06 21:00,0.0
01/05/06 22:00,0.0
01/05/06 23:00,0.0
01/06/06 00:00,0.0
01/06/06 01:00,0.0
01/06/06 02:00,0.0
01/06/06 03:00,0.0
01/06/06 04:00,0.0
01/06/06 05:00,0.0
01/06/06 06:00,0.0
01/06/06 07:00,0.0
01/06/06 08:00,0.0
01/06/06 09:00,2.2
01/06/06 10:00,3.6
01/06/06 11:00,6.1
01/06/06 12:00,6.0
01/06/06 13:00,6.7
01/06/06 14:00,4.8
01/06/06 15:00,4.4
01/06/06 16:00,1.7
01/06/06 17:00,0.0
01/06/06 18:00,0.0
01/06/06 19:00,0.0
01/06/06 20:00,0.0
01/06/06 21:00,0.0
01/06/06 22:00,0.0
01/06/06 23:00,0.0
01/07/06 00:00,0.0
01/07/06 01:00,0.0
01/07/06 02:00,0.0
01/07/06 03:00,0.0
01/07/06 04:00,0.0
01/07/06 05:00,0.0
01/07/06 06:00,0.0
01/07/06 07:00,0.0
01/07/06 08:00,0.3
01/07/06 09:00,4.5
01/07/06 10:00,7.1
01/07/06 11:00,8.8
01/07/06 12:00,7.7
01/07/06 13:00,6.4
01/07/06 14:00,5.9
01/07/06 15:00,3.7
01/07/06 16:00,1.6
01/07/06 17:00,0.0
01/07/06 18:00,0.0
01/07/06 19:00,0.0
01/07/06 20:00,0.0
01/07/06 21:00,0.0
01/07/06 22:00,0.0
01/07/06 23:00,0.0
01/08/06 00:00,0.0
01/08/06 01:00,0.0
01/08/06 02:00,0.0
01/08/06 03:00,0.0
01/08/06 04:00,0.0
01/08/06 05:00,0.0
01/08/06 06:00,0.0
01/08/06 07:00,0.0
01/08/06 08:00,0.1
01/08/06 09:00,3.8
01/08/06 10:00,5.9
01/08/06 11:00,4.4
01/08/06 12:00,2.4
01/08/06 13:00,2.6
01/08/06 14:00,4.4
01/08/06 15:00,2.9
01/08/06 16:00,1.7
01/08/06 17:00,0.0
01/08/06 18:00,0.0
01/08/06 19:00,0.0
01/08/06 20:00,0.0
01/08/06 21:00,0.0
01/08/06 22:00,0.0
01/08/06 23:00,0.0
01/09/06 00:00,0.0
01/09/06 01:00,0.0
01/09/06 02:00,0.0
01/09/06 03:00,0.0
01/09/06 04:00,0.0
01/09/06 05:00,0.0
01/09/06 06:00,0.0
01/09/06 07:00,0.0
01/09/06 08:00,0.0
01/09/06 09:00,0.4
01/09/06 10:00,2.0
01/09/06 11:00,2.6
01/09/06 12:00,3.1
01/09/06 13:00,3.4
01/09/06 14:00,2.8
01/09/06 15:00,2.2
01/09/06 16:00,1.5
01/09/06 17:00,0.0
01/09/06 18:00,0.0
01/09/06 19:00,0.0
01/09/06 20:00,0.0
01/09/06 21:00,0.0
01/09/06 22:00,0.0
01/09/06 23:00,0.0
01/10/06 00:00,0.0
01/10/06 01:00,0.0
01/10/06 02:00,0.0
01/10/06 03:00,0.0
01/10/06 04:00,0.0
01/10/06 05:00,0.0
01/10/06 06:00,0.0
01/10/06 07:00,0.0
01/10/06 08:00,0.2
01/10/06 09:00,3.9
01/10/06 10:00,6.1
01/10/06 11:00,7.5
01/10/06 12:00,7.4
01/10/06 13:00,8.0
01/10/06 14:00,6.5
01/10/06 15:00,4.6
01/10/06 16:00,1.7
01/10/06 17:00,0.0
01/10/06 18:00,0.0
01/10/06 19:00,0.0
01/10/06 20:00,0.0
01/10/06 21:00,0.0
01/10/06 22:00,0.0
01/10/06 23:00,0.0
01/11/06 00:00,0.0
01/11/06 01:00,0.0
01/11/06 02:00,0.0
01/11/06 03:00,0.0
01/11/06 04:00,0.0
01/11/06 05:00,0.0
01/11/06 06:00,0.0
01/11/06 07:00,0.0
01/11/06 08:00,0.0
01/11/06 09:00,0.0
01/11/06 10:00,0.0
01/11/06 11:00,0.0
01/11/06 12:00,0.0
01/11/06 13:00,0.2
01/11/06 14:00,0.2
01/11/06 15:00,0.0
01/11/06 16:00,0.0
01/11/06 17:00,0.0
01/11/06 18:00,0.0
01/11/06 19:00,0.0
01/11/06 20:00,0.0
01/11/06 21:00,0.0
01/11/06 22:00,0.0
01/11/06 23:00,0.0
01/12/06 00:00,0.0
01/12/06 01:00,0.0
01/12/06 02:00,0.0
01/12/06 03:00,0.0
01/12/06 04:00,0.0
01/12/06 05:00,0.0
01/12/06 06:00,0.0
01/12/06 07:00,0.0
01/12/06 08:00,0.3
01/12/06 09:00,4.0
01/12/06 10:00,6.1
01/12/06 11:00,7.4
01/12/06 12:00,8.1
01/12/06 13:00,6.6
01/12/06 14:00,6.9
01/12/06 15:00,4.7
01/12/06 16:00,1.8
01/12/06 17:00,0.0
01/12/06 18:00,0.0
01/12/06 19:00,0.0
01/12/06 20:00,0.0
01/12/06 21:00,0.0
01/12/06 22:00,0.0
01/12/06 23:00,0.0
01/13/06 00:00,0.0
01/13/06 01:00,0.0
01/13/06 02:00,0.0
01/13/06 03:00,0.0
01/13/06 04:00,0.0
01/13/06 05:00,0.0
01/13/06 06:00,0.0
01/13/06 07:00,0.0
01/13/06 08:00,0.0
01/13/06 09:00,0.1
01/13/06 10:00,1.3
01/13/06 11:00,2.8
01/13/06 12:00,3.1
01/13/06 13:00,2.3
01/13/06 14:00,0.2
01/13/06 15:00,0.0
01/13/06 16:00,0.0
01/13/06 17:00,0.0
01/13/06 18:00,0.0
01/13/06 19:00,0.0
01/13/06 20:00,0.0
01/13/06 21:00,0.0
01/13/06 22:00,0.0
01/13/06 23:00,0.0
01/14/06 00:00,0.0
01/14/06 01:00,0.0
01/14/06 02:00,0.0
01/14/06 03:00,0.0
01/14/06 04:00,0.0
01/14/06 05:00,0.0
01/14/06 06:00,0.0
01/14/06 07:00,0.0
01/14/06 08:00,0.0
01/14/06 09:00,3.1
01/14/06 10:00,3.7
01/14/06 11:00,4.6
01/14/06 12:00,2.2
01/14/06 13:00,2.6
01/14/06 14:00,1.8
01/14/06 15:00,0.4
01/14/06 16:00,0.0
01/14/06 17:00,0.0
01/14/06 18:00,0.0
01/14/06 19:00,0.0
01/14/06 20:00,0.0
01/14/06 21:00,0.0
01/14/06 22:00,0.0
01/14/06 23:00,0.0
01/15/06 00:00,0.0
01/15/06 01:00,0.0
01/15/06 02:00,0.0
01/15/06 03:00,0.0
01/15/06 04:00,0.0
01/15/06 05:00,0.0
01/15/06 06:00,0.0
01/15/06 07:00,0.0
01/15/06 08:00,0.7
01/15/06 09:00,5.2
01/15/06 10:00,7.6
01/15/06 11:00,7.8
01/15/06 12:00,7.9
01/15/06 13:00,7.8
01/15/06 14:00,7.3
01/15/06 15:00,5.0
01/15/06 16:00,2.1
01/15/06 17:00,0.0
01/15/06 18:00,0.0
01/15/06 19:00,0.0
01/15/06 20:00,0.0
01/15/06 21:00,0.0
01/15/06 22:00,0.0
01/15/06 23:00,0.0
01/16/06 00:00,0.0
01/16/06 01:00,0.0
01/16/06 02:00,0.0
01/16/06 03:00,0.0
01/16/06 04:00,0.0
01/16/06 05:00,0.0
01/16/06 06:00,0.0
01/16/06 07:00,0.0
01/16/06 08:00,0.0
01/16/06 09:00,3.4
01/16/06 10:00,6.6
01/16/06 11:00,4.4
01/16/06 12:00,2.8
01/16/06 13:00,5.7
01/16/06 14:00,7.1
01/16/06 15:00,5.2
01/16/06 16:00,2.1
01/16/06 17:00,0.0
01/16/06 18:00,0.0
01/16/06 19:00,0.0
01/16/06 20:00,0.0
01/16/06 21:00,0.0
01/16/06 22:00,0.0
01/16/06 23:00,0.0
01/17/06 00:00,0.0
01/17/06 01:00,0.0
01/17/06 02:00,0.0
01/17/06 03:00,0.0
01/17/06 04:00,0.0
01/17/06 05:00,0.0
01/17/06 06:00,0.0
01/17/06 07:00,0.0
01/17/06 08:00,0.0
01/17/06 09:00,0.1
01/17/06 10:00,0.1
01/17/06 11:00,0.1
01/17/06 12:00,0.6
01/17/06 13:00,0.0
01/17/06 14:00,0.1
01/17/06 15:00,0.1
01/17/06 16:00,0.0
01/17/06 17:00,0.0
01/17/06 18:00,0.0
01/17/06 19:00,0.0
01/17/06 20:00,0.0
01/17/06 21:00,0.0
01/17/06 22:00,0.0
01/17/06 23:00,0.0
01/18/06 00:00,0.0
01/18/06 01:00,0.0
01/18/06 02:00,0.0
01/18/06 03:00,0.0
01/18/06 04:00,0.0
01/18/06 05:00,0.0
01/18/06 06:00,0.0
01/18/06 07:00,0.0
01/18/06 08:00,0.0
01/18/06 09:00,4.2
01/18/06 10:00,5.9
01/18/06 11:00,8.4
01/18/06 12:00,7.5
01/18/06 13:00,7.6
01/18/06 14:00,6.9
01/18/06 15:00,5.1
01/18/06 16:00,2.2
01/18/06 17:00,0.0
01/18/06 18:00,0.0
01/18/06 19:00,0.0
01/18/06 20:00,0.0
01/18/06 21:00,0.0
01/18/06 22:00,0.0
01/18/06 23:00,0.0
01/19/06 00:00,0.0
01/19/06 01:00,0.0
01/19/06 02:00,0.0
01/19/06 03:00,0.0
01/19/06 04:00,0.0
01/19/06 05:00,0.0
01/19/06 06:00,0.0
01/19/06 07:00,0.0
01/19/06 08:00,0.3
01/19/06 09:00,2.6
01/19/06 10:00,2.3
01/19/06 11:00,2.5
01/19/06 12:00,5.9
01/19/06 13:00,6.2
01/19/06 14:00,7.0
01/19/06 15:00,4.8
01/19/06 16:00,2.2
01/19/06 17:00,0.0
01/19/06 18:00,0.0
01/19/06 19:00,0.0
01/19/06 20:00,0.0
01/19/06 21:00,0.0
01/19/06 22:00,0.0
01/19/06 23:00,0.0
01/20/06 00:00,0.0
01/20/06 01:00,0.0
01/20/06 02:00,0.0
01/20/06 03:00,0.0
01/20/06 04:00,0.0
01/20/06 05:00,0.0
01/20/06 06:00,0.0
01/20/06 07:00,0.0
01/20/06 08:00,0.0
01/20/06 09:00,2.6
01/20/06 10:00,4.6
01/20/06 11:00,6.0
01/20/06 12:00,6.3
01/20/06 13:00,6.2
01/20/06 14:00,5.3
01/20/06 15:00,3.6
01/20/06 16:00,2.1
01/20/06 17:00,0.0
01/20/06 18:00,0.0
01/20/06 19:00,0.0
01/20/06 20:00,0.0
01/20/06 21:00,0.0
01/20/06 22:00,0.0
01/20/06 23:00,0.0
01/21/06 00:00,0.0
01/21/06 01:00,0.0
01/21/06 02:00,0.0
01/21/06 03:00,0.0
01/21/06 04:00,0.0
01/21/06 05:00,0.0
01/21/06 06:00,0.0
01/21/06 07:00,0.0
01/21/06 08:00,0.1
01/21/06 09:00,3.0
01/21/06 10:00,4.1
01/21/06 11:00,2.9
01/21/06 12:00,2.1
01/21/06 13:00,1.9
01/21/06 14:00,4.8
01/21/06 15:00,2.9
01/21/06 16:00,1.4
01/21/06 17:00,0.0
01/21/06 18:00,0.0
01/21/06 19:00,0.0
01/21/06 20:00,0.0
01/21/06 21:00,0.0
01/21/06 22:00,0.0
01/21/06 23:00,0.0
01/22/06 00:00,0.0
01/22/06 01:00,0.0
01/22/06 02:00,0.0
01/22/06 03:00,0.0
01/22/06 04:00,0.0
01/22/06 05:00,0.0
01/22/06 06:00,0.0
01/22/06 07:00,0.0
01/22/06 08:00,0.8
01/22/06 09:00,4.6
01/22/06 10:00,5.9
01/22/06 11:00,5.7
01/22/06 12:00,7.1
01/22/06 13:00,4.4
01/22/06 14:00,4.4
01/22/06 15:00,2.3
01/22/06 16:00,2.0
01/22/06 17:00,0.0
01/22/06 18:00,0.0
01/22/06 19:00,0.0
01/22/06 20:00,0.0
01/22/06 21:00,0.0
01/22/06 22:00,0.0
01/22/06 23:00,0.0
01/23/06 00:00,0.0
01/23/06 01:00,0.0
01/23/06 02:00,0.0
01/23/06 03:00,0.0
01/23/06 04:00,0.0
01/23/06 05:00,0.0
01/23/06 06:00,0.0
01/23/06 07:00,0.0
01/23/06 08:00,0.0
01/23/06 09:00,2.4
01/23/06 10:00,0.5
01/23/06 11:00,0.0
01/23/06 12:00,4.1
01/23/06 13:00,4.3
01/23/06 14:00,2.8
01/23/06 15:00,3.9
01/23/06 16:00,2.3
01/23/06 17:00,0.0
01/23/06 18:00,0.0
01/23/06 19:00,0.0
01/23/06 20:00,0.0
01/23/06 21:00,0.0
01/23/06 22:00,0.0
01/23/06 23:00,0.0
01/24/06 00:00,0.0
01/24/06 01:00,0.0
01/24/06 02:00,0.0
01/24/06 03:00,0.0
01/24/06 04:00,0.0
01/24/06 05:00,0.0
01/24/06 06:00,0.0
01/24/06 07:00,0.0
01/24/06 08:00,1.1
01/24/06 09:00,4.6
01/24/06 10:00,7.3
01/24/06 11:00,9.0
01/24/06 12:00,6.9
01/24/06 13:00,8.3
01/24/06 14:00,5.6
01/24/06 15:00,5.3
01/24/06 16:00,2.5
01/24/06 17:00,0.0
01/24/06 18:00,0.0
01/24/06 19:00,0.0
01/24/06 20:00,0.0
01/24/06 21:00,0.0
01/24/06 22:00,0.0
01/24/06 23:00,0.0
01/25/06 00:00,0.0
01/25/06 01:00,0.0
01/25/06 02:00,0.0
01/25/06 03:00,0.0
01/25/06 04:00,0.0
01/25/06 05:00,0.0
01/25/06 06:00,0.0
01/25/06 07:00,0.0
01/25/06 08:00,1.2
01/25/06 09:00,4.7
01/25/06 10:00,6.5
01/25/06 11:00,7.1
01/25/06 12:00,6.4
01/25/06 13:00,7.5
01/25/06 14:00,7.1
01/25/06 15:00,3.8
01/25/06 16:00,1.8
01/25/06 17:00,0.0
01/25/06 18:00,0.0
01/25/06 19:00,0.0
01/25/06 20:00,0.0
01/25/06 21:00,0.0
01/25/06 22:00,0.0
01/25/06 23:00,0.0
01/26/06 00:00,0.0
01/26/06 01:00,0.0
01/26/06 02:00,0.0
01/26/06 03:00,0.0
01/26/06 04:00,0.0
01/26/06 05:00,0.0
01/26/06 06:00,0.0
01/26/06 07:00,0.0
01/26/06 08:00,1.4
01/26/06 09:00,5.3
01/26/06 10:00,8.3
01/26/06 11:00,8.5
01/26/06 12:00,8.7
01/26/06 13:00,8.4
01/26/06 14:00,7.4
01/26/06 15:00,5.5
01/26/06 16:00,2.6
01/26/06 17:00,0.0
01/26/06 18:00,0.0
01/26/06 19:00,0.0
01/26/06 20:00,0.0
01/26/06 21:00,0.0
01/26/06 22:00,0.0
01/26/06 23:00,0.0
01/27/06 00:00,0.0
01/27/06 01:00,0.0
01/27/06 02:00,0.0
01/27/06 03:00,0.0
01/27/06 04:00,0.0
01/27/06 05:00,0.0
01/27/06 06:00,0.0
01/27/06 07:00,0.0
01/27/06 08:00,1.4
01/27/06 09:00,4.8
01/27/06 10:00,7.2
01/27/06 11:00,8.2
01/27/06 12:00,9.1
01/27/06 13:00,8.6
01/27/06 14:00,6.9
01/27/06 15:00,5.6
01/27/06 16:00,2.6
01/27/06 17:00,0.0
01/27/06 18:00,0.0
01/27/06 19:00,0.0
01/27/06 20:00,0.0
01/27/06 21:00,0.0
01/27/06 22:00,0.0
01/27/06 23:00,0.0
01/28/06 00:00,0.0
01/28/06 01:00,0.0
01/28/06 02:00,0.0
01/28/06 03:00,0.0
01/28/06 04:00,0.0
01/28/06 05:00,0.0
01/28/06 06:00,0.0
01/28/06 07:00,0.0
01/28/06 08:00,0.5
01/28/06 09:00,4.3
01/28/06 10:00,7.3
01/28/06 11:00,8.6
01/28/06 12:00,7.4
01/28/06 13:00,7.2
01/28/06 14:00,6.1
01/28/06 15:00,5.0
01/28/06 16:00,2.6
01/28/06 17:00,0.0
01/28/06 18:00,0.0
01/28/06 19:00,0.0
01/28/06 20:00,0.0
01/28/06 21:00,0.0
01/28/06 22:00,0.0
01/28/06 23:00,0.0
01/29/06 00:00,0.0
01/29/06 01:00,0.0
01/29/06 02:00,0.0
01/29/06 03:00,0.0
01/29/06 04:00,0.0
01/29/06 05:00,0.0
01/29/06 06:00,0.0
01/29/06 07:00,0.0
01/29/06 08:00,0.0
01/29/06 09:00,0.1
01/29/06 10:00,0.5
01/29/06 11:00,0.2
01/29/06 12:00,0.2
01/29/06 13:00,2.7
01/29/06 14:00,5.9
01/29/06 15:00,0.0
01/29/06 16:00,2.6
01/29/06 17:00,0.0
01/29/06 18:00,0.0
01/29/06 19:00,0.0
01/29/06 20:00,0.0
01/29/06 21:00,0.0
01/29/06 22:00,0.0
01/29/06 23:00,0.0
01/30/06 00:00,0.0
01/30/06 01:00,0.0
01/30/06 02:00,0.0
01/30/06 03:00,0.0
01/30/06 04:00,0.0
01/30/06 05:00,0.0
01/30/06 06:00,0.0
01/30/06 07:00,0.0
01/30/06 08:00,1.3
01/30/06 09:00,3.9
01/30/06 10:00,5.4
01/30/06 11:00,6.7
01/30/06 12:00,7.7
01/30/06 13:00,7.4
01/30/06 14:00,5.8
01/30/06 15:00,3.9
01/30/06 16:00,1.5
01/30/06 17:00,0.0
01/30/06 18:00,0.0
01/30/06 19:00,0.0
01/30/06 20:00,0.0
01/30/06 21:00,0.0
01/30/06 22:00,0.0
01/30/06 23:00,0.0
01/31/06 00:00,0.0
01/31/06 01:00,0.0
01/31/06 02:00,0.0
01/31/06 03:00,0.0
01/31/06 04:00,0.0
01/31/06 05:00,0.0
01/31/06 06:00,0.0
01/31/06 07:00,0.0
01/31/06 08:00,1.4
01/31/06 09:00,3.2
01/31/06 10:00,7.1
01/31/06 11:00,7.7
01/31/06 12:00,6.9
01/31/06 13:00,6.5
01/31/06 14:00,6.0
01/31/06 15:00,4.4
01/31/06 16:00,1.9
01/31/06 17:00,0.0
01/31/06 18:00,0.0
01/31/06 19:00,0.0
01/31/06 20:00,0.0
01/31/06 21:00,0.0
01/31/06 22:00,0.0
01/31/06 23:00,0.0
02/01/06 00:00,0.0
02/01/06 01:00,0.0
02/01/06 02:00,0.0
02/01/06 03:00,0.0
02/01/06 04:00,0.0
02/01/06 05:00,0.0
02/01/06 06:00,0.0
02/01/06 07:00,0.0
02/01/06 08:00,1.7
02/01/06 09:00,4.9
02/01/06 10:00,7.7
02/01/06 11:00,8.1
02/01/06 12:00,7.5
02/01/06 13:00,8.1
02/01/06 14:00,6.2
02/01/06 15:00,4.2
02/01/06 16:00,2.1
02/01/06 17:00,0.0
02/01/06 18:00,0.0
02/01/06 19:00,0.0
02/01/06 20:00,0.0
02/01/06 21:00,0.0
02/01/06 22:00,0.0
02/01/06 23:00,0.0
02/02/06 00:00,0.0
02/02/06 01:00,0.0
02/02/06 02:00,0.0
02/02/06 03:00,0.0
02/02/06 04:00,0.0
02/02/06 05:00,0.0
02/02/06 06:00,0.0
02/02/06 07:00,0.0
02/02/06 08:00,1.5
02/02/06 09:00,4.9
02/02/06 10:00,6.7
02/02/06 11:00,6.3
02/02/06 12:00,8.4
02/02/06 13:00,8.0
02/02/06 14:00,7.4
02/02/06 15:00,4.8
02/02/06 16:00,1.6
02/02/06 17:00,0.0
02/02/06 18:00,0.0
02/02/06 19:00,0.0
02/02/06 20:00,0.0
02/02/06 21:00,0.0
02/02/06 22:00,0.0
02/02/06 23:00,0.0
02/03/06 00:00,0.0
02/03/06 01:00,0.0
02/03/06 02:00,0.0
02/03/06 03:00,0.0
02/03/06 04:00,0.0
02/03/06 05:00,0.0
02/03/06 06:00,0.0
02/03/06 07:00,0.0
02/03/06 08:00,1.5
02/03/06 09:00,4.5
02/03/06 10:00,6.0
02/03/06 11:00,7.9
02/03/06 12:00,8.1
02/03/06 13:00,9.0
02/03/06 14:00,7.8
02/03/06 15:00,5.3
02/03/06 16:00,1.9
02/03/06 17:00,0.0
02/03/06 18:00,0.0
02/03/06 19:00,0.0
02/03/06 20:00,0.0
02/03/06 21:00,0.0
02/03/06 22:00,0.0
02/03/06 23:00,0.0
02/04/06 00:00,0.0
02/04/06 01:00,0.0
02/04/06 02:00,0.0
02/04/06 03:00,0.0
02/04/06 04:00,0.0
02/04/06 05:00,0.0
02/04/06 06:00,0.0
02/04/06 07:00,0.0
02/04/06 08:00,0.0
02/04/06 09:00,0.0
02/04/06 10:00,0.0
02/04/06 11:00,0.0
02/04/06 12:00,0.0
02/04/06 13:00,0.1
02/04/06 14:00,0.0
02/04/06 15:00,0.2
02/04/06 16:00,0.4
02/04/06 17:00,0.0
02/04/06 18:00,0.0
02/04/06 19:00,0.0
02/04/06 20:00,0.0
02/04/06 21:00,0.0
02/04/06 22:00,0.0
02/04/06 23:00,0.0
02/05/06 00:00,0.0
02/05/06 01:00,0.0
02/05/06 02:00,0.0
02/05/06 03:00,0.0
02/05/06 04:00,0.0
02/05/06 05:00,0.0
02/05/06 06:00,0.0
02/05/06 07:00,0.0
02/05/06 08:00,0.1
02/05/06 09:00,4.3
02/05/06 10:00,6.3
02/05/06 11:00,0.0
02/05/06 12:00,6.8
02/05/06 13:00,7.0
02/05/06 14:00,7.0
02/05/06 15:00,5.7
02/05/06 16:00,3.2
02/05/06 17:00,0.0
02/05/06 18:00,0.0
02/05/06 19:00,0.0
02/05/06 20:00,0.0
02/05/06 21:00,0.0
02/05/06 22:00,0.0
02/05/06 23:00,0.0
02/06/06 00:00,0.0
02/06/06 01:00,0.0
02/06/06 02:00,0.0
02/06/06 03:00,0.0
02/06/06 04:00,0.0
02/06/06 05:00,0.0
02/06/06 06:00,0.0
02/06/06 07:00,0.0
02/06/06 08:00,1.9
02/06/06 09:00,6.1
02/06/06 10:00,7.8
02/06/06 11:00,8.4
02/06/06 12:00,8.4
02/06/06 13:00,9.6
02/06/06 14:00,7.7
02/06/06 15:00,5.7
02/06/06 16:00,3.1
02/06/06 17:00,0.0
02/06/06 18:00,0.0
02/06/06 19:00,0.0
02/06/06 20:00,0.0
02/06/06 21:00,0.0
02/06/06 22:00,0.0
02/06/06 23:00,0.0
02/07/06 00:00,0.0
02/07/06 01:00,0.0
02/07/06 02:00,0.0
02/07/06 03:00,0.0
02/07/06 04:00,0.0
02/07/06 05:00,0.0
02/07/06 06:00,0.0
02/07/06 07:00,0.0
02/07/06 08:00,1.9
02/07/06 09:00,5.6
02/07/06 10:00,8.6
02/07/06 11:00,9.2
02/07/06 12:00,8.4
02/07/06 13:00,9.0
02/07/06 14:00,7.8
02/07/06 15:00,6.1
02/07/06 16:00,3.2
02/07/06 17:00,0.1
02/07/06 18:00,0.0
02/07/06 19:00,0.0
02/07/06 20:00,0.0
02/07/06 21:00,0.0
02/07/06 22:00,0.0
02/07/06 23:00,0.0
02/08/06 00:00,0.0
02/08/06 01:00,0.0
02/08/06 02:00,0.0
02/08/06 03:00,0.0
02/08/06 04:00,0.0
02/08/06 05:00,0.0
02/08/06 06:00,0.0
02/08/06 07:00,0.0
02/08/06 08:00,2.0
02/08/06 09:00,5.7
02/08/06 10:00,6.8
02/08/06 11:00,5.2
02/08/06 12:00,7.3
02/08/06 13:00,6.7
02/08/06 14:00,6.3
02/08/06 15:00,4.9
02/08/06 16:00,2.9
02/08/06 17:00,0.0
02/08/06 18:00,0.0
02/08/06 19:00,0.0
02/08/06 20:00,0.0
02/08/06 21:00,0.0
02/08/06 22:00,0.0
02/08/06 23:00,0.0
02/09/06 00:00,0.0
02/09/06 01:00,0.0
02/09/06 02:00,0.0
02/09/06 03:00,0.0
02/09/06 04:00,0.0
02/09/06 05:00,0.0
02/09/06 06:00,0.0
02/09/06 07:00,0.0
02/09/06 08:00,2.1
02/09/06 09:00,5.8
02/09/06 10:00,7.6
02/09/06 11:00,8.7
02/09/06 12:00,8.8
02/09/06 13:00,10.1
02/09/06 14:00,8.2
02/09/06 15:00,6.3
02/09/06 16:00,3.4
02/09/06 17:00,0.1
02/09/06 18:00,0.0
02/09/06 19:00,0.0
02/09/06 20:00,0.0
02/09/06 21:00,0.0
02/09/06 22:00,0.0
02/09/06 23:00,0.0
02/10/06 00:00,0.0
02/10/06 01:00,0.0
02/10/06 02:00,0.0
02/10/06 03:00,0.0
02/10/06 04:00,0.0
02/10/06 05:00,0.0
02/10/06 06:00,0.0
02/10/06 07:00,0.0
02/10/06 08:00,1.9
02/10/06 09:00,4.7
02/10/06 10:00,6.8
02/10/06 11:00,6.6
02/10/06 12:00,6.8
02/10/06 13:00,6.1
02/10/06 14:00,6.9
02/10/06 15:00,6.2
02/10/06 16:00,2.8
02/10/06 17:00,0.1
02/10/06 18:00,0.0
02/10/06 19:00,0.0
02/10/06 20:00,0.0
02/10/06 21:00,0.0
02/10/06 22:00,0.0
02/10/06 23:00,0.0
02/11/06 00:00,0.0
02/11/06 01:00,0.0
02/11/06 02:00,0.0
02/11/06 03:00,0.0
02/11/06 04:00,0.0
02/11/06 05:00,0.0
02/11/06 06:00,0.0
02/11/06 07:00,0.0
02/11/06 08:00,0.0
02/11/06 09:00,0.4
02/11/06 10:00,2.3
02/11/06 11:00,4.3
02/11/06 12:00,4.2
02/11/06 13:00,4.8
02/11/06 14:00,2.7
02/11/06 15:00,2.4
02/11/06 16:00,1.0
02/11/06 17:00,0.0
02/11/06 18:00,0.0
02/11/06 19:00,0.0
02/11/06 20:00,0.0
02/11/06 21:00,0.0
02/11/06 22:00,0.0
02/11/06 23:00,0.0
02/12/06 00:00,0.0
02/12/06 01:00,0.0
02/12/06 02:00,0.0
02/12/06 03:00,0.0
02/12/06 04:00,0.0
02/12/06 05:00,0.0
02/12/06 06:00,0.0
02/12/06 07:00,0.0
02/12/06 08:00,0.2
02/12/06 09:00,3.3
02/12/06 10:00,5.4
02/12/06 11:00,7.7
02/12/06 12:00,9.1
02/12/06 13:00,7.5
02/12/06 14:00,7.0
02/12/06 15:00,1.9
02/12/06 16:00,2.5
02/12/06 17:00,0.1
02/12/06 18:00,0.0
02/12/06 19:00,0.0
02/12/06 20:00,0.0
02/12/06 21:00,0.0
02/12/06 22:00,0.0
02/12/06 23:00,0.0
02/13/06 00:00,0.0
02/13/06 01:00,0.0
02/13/06 02:00,0.0
02/13/06 03:00,0.0
02/13/06 04:00,0.0
02/13/06 05:00,0.0
02/13/06 06:00,0.0
02/13/06 07:00,0.0
02/13/06 08:00,2.3
02/13/06 09:00,6.6
02/13/06 10:00,7.2
02/13/06 11:00,7.5
02/13/06 12:00,7.2
02/13/06 13:00,6.7
02/13/06 14:00,6.2
02/13/06 15:00,5.3
02/13/06 16:00,3.4
02/13/06 17:00,0.1
02/13/06 18:00,0.0
02/13/06 19:00,0.0
02/13/06 20:00,0.0
02/13/06 21:00,0.0
02/13/06 22:00,0.0
02/13/06 23:00,0.0
02/14/06 00:00,0.0
02/14/06 01:00,0.0
02/14/06 02:00,0.0
02/14/06 03:00,0.0
02/14/06 04:00,0.0
02/14/06 05:00,0.0
02/14/06 06:00,0.0
02/14/06 07:00,0.0
02/14/06 08:00,2.3
02/14/06 09:00,5.5
02/14/06 10:00,7.4
02/14/06 11:00,9.1
02/14/06 12:00,10.7
02/14/06 13:00,6.9
02/14/06 14:00,6.1
02/14/06 15:00,4.9
02/14/06 16:00,2.6
02/14/06 17:00,0.1
02/14/06 18:00,0.0
02/14/06 19:00,0.0
02/14/06 20:00,0.0
02/14/06 21:00,0.0
02/14/06 22:00,0.0
02/14/06 23:00,0.0
02/15/06 00:00,0.0
02/15/06 01:00,0.0
02/15/06 02:00,0.0
02/15/06 03:00,0.0
02/15/06 04:00,0.0
02/15/06 05:00,0.0
02/15/06 06:00,0.0
02/15/06 07:00,0.0
02/15/06 08:00,1.8
02/15/06 09:00,5.8
02/15/06 10:00,6.7
02/15/06 11:00,7.0
02/15/06 12:00,7.2
02/15/06 13:00,8.8
02/15/06 14:00,7.6
02/15/06 15:00,4.8
02/15/06 16:00,2.7
02/15/06 17:00,0.2
02/15/06 18:00,0.0
02/15/06 19:00,0.0
02/15/06 20:00,0.0
02/15/06 21:00,0.0
02/15/06 22:00,0.0
02/15/06 23:00,0.0
02/16/06 00:00,0.0
02/16/06 01:00,0.0
02/16/06 02:00,0.0
02/16/06 03:00,0.0
02/16/06 04:00,0.0
02/16/06 05:00,0.0
02/16/06 06:00,0.0
02/16/06 07:00,0.0
02/16/06 08:00,0.0
02/16/06 09:00,1.5
02/16/06 10:00,2.8
02/16/06 11:00,5.1
02/16/06 12:00,5.5
02/16/06 13:00,7.3
02/16/06 14:00,8.0
02/16/06 15:00,6.1
02/16/06 16:00,3.7
02/16/06 17:00,0.1
02/16/06 18:00,0.0
02/16/06 19:00,0.0
02/16/06 20:00,0.0
02/16/06 21:00,0.0
02/16/06 22:00,0.0
02/16/06 23:00,0.0
02/17/06 00:00,0.0
02/17/06 01:00,0.0
02/17/06 02:00,0.0
02/17/06 03:00,0.0
02/17/06 04:00,0.0
02/17/06 05:00,0.0
02/17/06 06:00,0.0
02/17/06 07:00,0.0
02/17/06 08:00,0.0
02/17/06 09:00,1.2
02/17/06 10:00,5.6
02/17/06 11:00,6.9
02/17/06 12:00,8.6
02/17/06 13:00,8.8
02/17/06 14:00,7.8
02/17/06 15:00,4.9
02/17/06 16:00,2.8
02/17/06 17:00,0.3
02/17/06 18:00,0.0
02/17/06 19:00,0.0
02/17/06 20:00,0.0
02/17/06 21:00,0.0
02/17/06 22:00,0.0
02/17/06 23:00,0.0
02/18/06 00:00,0.0
02/18/06 01:00,0.0
02/18/06 02:00,0.0
02/18/06 03:00,0.0
02/18/06 04:00,0.0
02/18/06 05:00,0.0
02/18/06 06:00,0.0
02/18/06 07:00,0.0
02/18/06 08:00,0.0
02/18/06 09:00,0.3
02/18/06 10:00,2.3
02/18/06 11:00,3.0
02/18/06 12:00,4.2
02/18/06 13:00,7.5
02/18/06 14:00,6.5
02/18/06 15:00,5.5
02/18/06 16:00,3.0
02/18/06 17:00,0.3
02/18/06 18:00,0.0
02/18/06 19:00,0.0
02/18/06 20:00,0.0
02/18/06 21:00,0.0
02/18/06 22:00,0.0
02/18/06 23:00,0.0
02/19/06 00:00,0.0
02/19/06 01:00,0.0
02/19/06 02:00,0.0
02/19/06 03:00,0.0
02/19/06 04:00,0.0
02/19/06 05:00,0.0
02/19/06 06:00,0.0
02/19/06 07:00,0.0
02/19/06 08:00,3.0
02/19/06 09:00,6.8
02/19/06 10:00,9.7
02/19/06 11:00,9.6
02/19/06 12:00,9.3
02/19/06 13:00,10.0
02/19/06 14:00,8.9
02/19/06 15:00,6.9
02/19/06 16:00,3.7
02/19/06 17:00,0.3
02/19/06 18:00,0.0
02/19/06 19:00,0.0
02/19/06 20:00,0.0
02/19/06 21:00,0.0
02/19/06 22:00,0.0
02/19/06 23:00,0.0
02/20/06 00:00,0.0
02/20/06 01:00,0.0
02/20/06 02:00,0.0
02/20/06 03:00,0.0
02/20/06 04:00,0.0
02/20/06 05:00,0.0
02/20/06 06:00,0.0
02/20/06 07:00,0.0
02/20/06 08:00,1.5
02/20/06 09:00,6.0
02/20/06 10:00,8.2
02/20/06 11:00,9.4
02/20/06 12:00,9.3
02/20/06 13:00,10.6
02/20/06 14:00,8.3
02/20/06 15:00,6.5
02/20/06 16:00,3.6
02/20/06 17:00,0.2
02/20/06 18:00,0.0
02/20/06 19:00,0.0
02/20/06 20:00,0.0
02/20/06 21:00,0.0
02/20/06 22:00,0.0
02/20/06 23:00,0.0
02/21/06 00:00,0.0
02/21/06 01:00,0.0
02/21/06 02:00,0.0
02/21/06 03:00,0.0
02/21/06 04:00,0.0
02/21/06 05:00,0.0
02/21/06 06:00,0.0
02/21/06 07:00,0.0
02/21/06 08:00,2.9
02/21/06 09:00,6.4
02/21/06 10:00,9.1
02/21/06 11:00,9.8
02/21/06 12:00,9.1
02/21/06 13:00,10.5
02/21/06 14:00,8.5
02/21/06 15:00,6.9
02/21/06 16:00,3.9
02/21/06 17:00,0.3
02/21/06 18:00,0.0
02/21/06 19:00,0.0
02/21/06 20:00,0.0
02/21/06 21:00,0.0
02/21/06 22:00,0.0
02/21/06 23:00,0.0
02/22/06 00:00,0.0
02/22/06 01:00,0.0
02/22/06 02:00,0.0
02/22/06 03:00,0.0
02/22/06 04:00,0.0
02/22/06 05:00,0.0
02/22/06 06:00,0.0
02/22/06 07:00,0.0
02/22/06 08:00,0.1
02/22/06 09:00,3.0
02/22/06 10:00,5.6
02/22/06 11:00,6.7
02/22/06 12:00,6.7
02/22/06 13:00,5.0
02/22/06 14:00,4.0
02/22/06 15:00,2.0
02/22/06 16:00,0.4
02/22/06 17:00,0.0
02/22/06 18:00,0.0
02/22/06 19:00,0.0
02/22/06 20:00,0.0
02/22/06 21:00,0.0
02/22/06 22:00,0.0
02/22/06 23:00,0.0
02/23/06 00:00,0.0
02/23/06 01:00,0.0
02/23/06 02:00,0.0
02/23/06 03:00,0.0
02/23/06 04:00,0.0
02/23/06 05:00,0.0
02/23/06 06:00,0.0
02/23/06 07:00,0.0
02/23/06 08:00,0.0
02/23/06 09:00,4.3
02/23/06 10:00,8.3
02/23/06 11:00,9.9
02/23/06 12:00,11.5
02/23/06 13:00,7.7
02/23/06 14:00,9.1
02/23/06 15:00,7.2
02/23/06 16:00,4.0
02/23/06 17:00,0.4
02/23/06 18:00,0.0
02/23/06 19:00,0.0
02/23/06 20:00,0.0
02/23/06 21:00,0.0
02/23/06 22:00,0.0
02/23/06 23:00,0.0
02/24/06 00:00,0.0
02/24/06 01:00,0.0
02/24/06 02:00,0.0
02/24/06 03:00,0.0
02/24/06 04:00,0.0
02/24/06 05:00,0.0
02/24/06 06:00,0.0
02/24/06 07:00,0.0
02/24/06 08:00,3.3
02/24/06 09:00,7.0
02/24/06 10:00,9.6
02/24/06 11:00,9.7
02/24/06 12:00,9.4
02/24/06 13:00,10.4
02/24/06 14:00,8.6
02/24/06 15:00,6.7
02/24/06 16:00,4.0
02/24/06 17:00,0.5
02/24/06 18:00,0.0
02/24/06 19:00,0.0
02/24/06 20:00,0.0
02/24/06 21:00,0.0
02/24/06 22:00,0.0
02/24/06 23:00,0.0
02/25/06 00:00,0.0
02/25/06 01:00,0.0
02/25/06 02:00,0.0
02/25/06 03:00,0.0
02/25/06 04:00,0.0
02/25/06 05:00,0.0
02/25/06 06:00,0.0
02/25/06 07:00,0.0
02/25/06 08:00,2.1
02/25/06 09:00,5.9
02/25/06 10:00,7.8
02/25/06 11:00,9.2
02/25/06 12:00,9.3
02/25/06 13:00,8.3
02/25/06 14:00,7.4
02/25/06 15:00,5.2
02/25/06 16:00,3.5
02/25/06 17:00,0.4
02/25/06 18:00,0.0
02/25/06 19:00,0.0
02/25/06 20:00,0.0
02/25/06 21:00,0.0
02/25/06 22:00,0.0
02/25/06 23:00,0.0
02/26/06 00:00,0.0
02/26/06 01:00,0.0
02/26/06 02:00,0.0
02/26/06 03:00,0.0
02/26/06 04:00,0.0
02/26/06 05:00,0.0
02/26/06 06:00,0.0
02/26/06 07:00,0.0
02/26/06 08:00,3.5
02/26/06 09:00,7.7
02/26/06 10:00,9.2
02/26/06 11:00,9.7
02/26/06 12:00,9.7
02/26/06 13:00,8.6
02/26/06 14:00,7.6
02/26/06 15:00,7.6
02/26/06 16:00,3.8
02/26/06 17:00,1.3
02/26/06 18:00,0.0
02/26/06 19:00,0.0
02/26/06 20:00,0.0
02/26/06 21:00,0.0
02/26/06 22:00,0.0
02/26/06 23:00,0.0
02/27/06 00:00,0.0
02/27/06 01:00,0.0
02/27/06 02:00,0.0
02/27/06 03:00,0.0
02/27/06 04:00,0.0
02/27/06 05:00,0.0
02/27/06 06:00,0.0
02/27/06 07:00,0.0
02/27/06 08:00,2.3
02/27/06 09:00,4.6
02/27/06 10:00,7.8
02/27/06 11:00,7.9
02/27/06 12:00,7.1
02/27/06 13:00,8.3
02/27/06 14:00,7.1
02/27/06 15:00,5.0
02/27/06 16:00,3.1
02/27/06 17:00,0.7
02/27/06 18:00,0.0
02/27/06 19:00,0.0
02/27/06 20:00,0.0
02/27/06 21:00,0.0
02/27/06 22:00,0.0
02/27/06 23:00,0.0
02/28/06 00:00,0.0
02/28/06 01:00,0.0
02/28/06 02:00,0.0
02/28/06 03:00,0.0
02/28/06 04:00,0.0
02/28/06 05:00,0.0
02/28/06 06:00,0.0
02/28/06 07:00,0.0
02/28/06 08:00,3.2
02/28/06 09:00,6.3
02/28/06 10:00,9.4
02/28/06 11:00,9.7
02/28/06 12:00,9.2
02/28/06 13:00,10.7
02/28/06 14:00,9.0
02/28/06 15:00,7.4
02/28/06 16:00,3.4
02/28/06 17:00,0.8
02/28/06 18:00,0.0
02/28/06 19:00,0.0
02/28/06 20:00,0.0
02/28/06 21:00,0.0
02/28/06 22:00,0.0
02/28/06 23:00,0.0
03/01/06 00:00,0.0
03/01/06 01:00,0.0
03/01/06 02:00,0.0
03/01/06 03:00,0.0
03/01/06 04:00,0.0
03/01/06 05:00,0.0
03/01/06 06:00,0.0
03/01/06 07:00,0.0
03/01/06 08:00,3.4
03/01/06 09:00,6.0
03/01/06 10:00,8.3
03/01/06 11:00,8.1
03/01/06 12:00,8.8
03/01/06 13:00,8.4
03/01/06 14:00,7.8
03/01/06 15:00,5.4
03/01/06 16:00,2.9
03/01/06 17:00,0.8
03/01/06 18:00,0.0
03/01/06 19:00,0.0
03/01/06 20:00,0.0
03/01/06 21:00,0.0
03/01/06 22:00,0.0
03/01/06 23:00,0.0
03/02/06 00:00,0.0
03/02/06 01:00,0.0
03/02/06 02:00,0.0
03/02/06 03:00,0.0
03/02/06 04:00,0.0
03/02/06 05:00,0.0
03/02/06 06:00,0.0
03/02/06 07:00,0.0
03/02/06 08:00,0.0
03/02/06 09:00,0.0
03/02/06 10:00,0.0
03/02/06 11:00,0.2
03/02/06 12:00,0.0
03/02/06 13:00,2.6
03/02/06 14:00,0.1
03/02/06 15:00,1.6
03/02/06 16:00,2.5
03/02/06 17:00,0.0
03/02/06 18:00,0.0
03/02/06 19:00,0.0
03/02/06 20:00,0.0
03/02/06 21:00,0.0
03/02/06 22:00,0.0
03/02/06 23:00,0.0
03/03/06 00:00,0.0
03/03/06 01:00,0.0
03/03/06 02:00,0.0
03/03/06 03:00,0.0
03/03/06 04:00,0.0
03/03/06 05:00,0.0
03/03/06 06:00,0.0
03/03/06 07:00,0.0
03/03/06 08:00,3.8
03/03/06 09:00,8.0
03/03/06 10:00,10.2
03/03/06 11:00,11.6
03/03/06 12:00,10.7
03/03/06 13:00,10.7
03/03/06 14:00,9.5
03/03/06 15:00,7.0
03/03/06 16:00,3.9
03/03/06 17:00,1.0
03/03/06 18:00,0.0
03/03/06 19:00,0.0
03/03/06 20:00,0.0
03/03/06 21:00,0.0
03/03/06 22:00,0.0
03/03/06 23:00,0.0
03/04/06 00:00,0.0
03/04/06 01:00,0.0
03/04/06 02:00,0.0
03/04/06 03:00,0.0
03/04/06 04:00,0.0
03/04/06 05:00,0.0
03/04/06 06:00,0.0
03/04/06 07:00,0.0
03/04/06 08:00,3.8
03/04/06 09:00,7.2
03/04/06 10:00,9.8
03/04/06 11:00,11.9
03/04/06 12:00,10.6
03/04/06 13:00,10.6
03/04/06 14:00,9.7
03/04/06 15:00,7.3
03/04/06 16:00,4.1
03/04/06 17:00,1.0
03/04/06 18:00,0.0
03/04/06 19:00,0.0
03/04/06 20:00,0.0
03/04/06 21:00,0.0
03/04/06 22:00,0.0
03/04/06 23:00,0.0
03/05/06 00:00,0.0
03/05/06 01:00,0.0
03/05/06 02:00,0.0
03/05/06 03:00,0.0
03/05/06 04:00,0.0
03/05/06 05:00,0.0
03/05/06 06:00,0.0
03/05/06 07:00,0.0
03/05/06 08:00,3.9
03/05/06 09:00,7.5
03/05/06 10:00,10.4
03/05/06 11:00,10.6
03/05/06 12:00,10.3
03/05/06 13:00,10.0
03/05/06 14:00,8.5
03/05/06 15:00,6.5
03/05/06 16:00,4.0
03/05/06 17:00,1.0
03/05/06 18:00,0.0
03/05/06 19:00,0.0
03/05/06 20:00,0.0
03/05/06 21:00,0.0
03/05/06 22:00,0.0
03/05/06 23:00,0.0
03/06/06 00:00,0.0
03/06/06 01:00,0.0
03/06/06 02:00,0.0
03/06/06 03:00,0.0
03/06/06 04:00,0.0
03/06/06 05:00,0.0
03/06/06 06:00,0.0
03/06/06 07:00,0.0
03/06/06 08:00,3.0
03/06/06 09:00,5.5
03/06/06 10:00,5.7
03/06/06 11:00,7.2
03/06/06 12:00,8.1
03/06/06 13:00,8.3
03/06/06 14:00,7.1
03/06/06 15:00,5.4
03/06/06 16:00,2.9
03/06/06 17:00,1.2
03/06/06 18:00,0.0
03/06/06 19:00,0.0
03/06/06 20:00,0.0
03/06/06 21:00,0.0
03/06/06 22:00,0.0
03/06/06 23:00,0.0
03/07/06 00:00,0.0
03/07/06 01:00,0.0
03/07/06 02:00,0.0
03/07/06 03:00,0.0
03/07/06 04:00,0.0
03/07/06 05:00,0.0
03/07/06 06:00,0.0
03/07/06 07:00,0.0
03/07/06 08:00,4.1
03/07/06 09:00,7.6
03/07/06 10:00,10.4
03/07/06 11:00,11.1
03/07/06 12:00,10.8
03/07/06 13:00,10.5
03/07/06 14:00,9.1
03/07/06 15:00,6.9
03/07/06 16:00,4.2
03/07/06 17:00,1.1
03/07/06 18:00,0.0
03/07/06 19:00,0.0
03/07/06 20:00,0.0
03/07/06 21:00,0.0
03/07/06 22:00,0.0
03/07/06 23:00,0.0
03/08/06 00:00,0.0
03/08/06 01:00,0.0
03/08/06 02:00,0.0
03/08/06 03:00,0.0
03/08/06 04:00,0.0
03/08/06 05:00,0.0
03/08/06 06:00,0.0
03/08/06 07:00,0.0
03/08/06 08:00,3.3
03/08/06 09:00,6.2
03/08/06 10:00,7.5
03/08/06 11:00,8.6
03/08/06 12:00,7.1
03/08/06 13:00,8.0
03/08/06 14:00,7.1
03/08/06 15:00,5.3
03/08/06 16:00,3.0
03/08/06 17:00,1.0
03/08/06 18:00,0.0
03/08/06 19:00,0.0
03/08/06 20:00,0.0
03/08/06 21:00,0.0
03/08/06 22:00,0.0
03/08/06 23:00,0.0
03/09/06 00:00,0.0
03/09/06 01:00,0.0
03/09/06 02:00,0.0
03/09/06 03:00,0.0
03/09/06 04:00,0.0
03/09/06 05:00,0.0
03/09/06 06:00,0.0
03/09/06 07:00,0.0
03/09/06 08:00,1.2
03/09/06 09:00,5.7
03/09/06 10:00,8.1
03/09/06 11:00,5.0
03/09/06 12:00,2.4
03/09/06 13:00,8.4
03/09/06 14:00,1.5
03/09/06 15:00,5.5
03/09/06 16:00,3.3
03/09/06 17:00,1.1
03/09/06 18:00,0.0
03/09/06 19:00,0.0
03/09/06 20:00,0.0
03/09/06 21:00,0.0
03/09/06 22:00,0.0
03/09/06 23:00,0.0
03/10/06 00:00,0.0
03/10/06 01:00,0.0
03/10/06 02:00,0.0
03/10/06 03:00,0.0
03/10/06 04:00,0.0
03/10/06 05:00,0.0
03/10/06 06:00,0.0
03/10/06 07:00,0.0
03/10/06 08:00,3.7
03/10/06 09:00,6.5
03/10/06 10:00,5.0
03/10/06 11:00,6.5
03/10/06 12:00,7.8
03/10/06 13:00,8.8
03/10/06 14:00,7.4
03/10/06 15:00,6.2
03/10/06 16:00,4.2
03/10/06 17:00,1.1
03/10/06 18:00,0.0
03/10/06 19:00,0.0
03/10/06 20:00,0.0
03/10/06 21:00,0.0
03/10/06 22:00,0.0
03/10/06 23:00,0.0
03/11/06 00:00,0.0
03/11/06 01:00,0.0
03/11/06 02:00,0.0
03/11/06 03:00,0.0
03/11/06 04:00,0.0
03/11/06 05:00,0.0
03/11/06 06:00,0.0
03/11/06 07:00,0.0
03/11/06 08:00,3.7
03/11/06 09:00,6.6
03/11/06 10:00,8.5
03/11/06 11:00,9.2
03/11/06 12:00,10.4
03/11/06 13:00,10.1
03/11/06 14:00,6.9
03/11/06 15:00,6.0
03/11/06 16:00,3.7
03/11/06 17:00,1.0
03/11/06 18:00,0.0
03/11/06 19:00,0.0
03/11/06 20:00,0.0
03/11/06 21:00,0.0
03/11/06 22:00,0.0
03/11/06 23:00,0.0
03/12/06 00:00,0.0
03/12/06 01:00,0.0
03/12/06 02:00,0.0
03/12/06 03:00,0.0
03/12/06 04:00,0.0
03/12/06 05:00,0.0
03/12/06 06:00,0.0
03/12/06 07:00,0.0
03/12/06 08:00,3.4
03/12/06 09:00,3.6
03/12/06 10:00,7.1
03/12/06 11:00,8.2
03/12/06 12:00,8.4
03/12/06 13:00,7.4
03/12/06 14:00,7.1
03/12/06 15:00,3.8
03/12/06 16:00,2.1
03/12/06 17:00,0.0
03/12/06 18:00,0.0
03/12/06 19:00,0.0
03/12/06 20:00,0.0
03/12/06 21:00,0.0
03/12/06 22:00,0.0
03/12/06 23:00,0.0
03/13/06 00:00,0.0
03/13/06 01:00,0.0
03/13/06 02:00,0.0
03/13/06 03:00,0.0
03/13/06 04:00,0.0
03/13/06 05:00,0.0
03/13/06 06:00,0.0
03/13/06 07:00,0.1
03/13/06 08:00,3.8
03/13/06 09:00,5.9
03/13/06 10:00,7.1
03/13/06 11:00,8.1
03/13/06 12:00,9.2
03/13/06 13:00,8.3
03/13/06 14:00,7.3
03/13/06 15:00,6.6
03/13/06 16:00,3.3
03/13/06 17:00,0.8
03/13/06 18:00,0.0
03/13/06 19:00,0.0
03/13/06 20:00,0.0
03/13/06 21:00,0.0
03/13/06 22:00,0.0
03/13/06 23:00,0.0
03/14/06 00:00,0.0
03/14/06 01:00,0.0
03/14/06 02:00,0.0
03/14/06 03:00,0.0
03/14/06 04:00,0.0
03/14/06 05:00,0.0
03/14/06 06:00,0.0
03/14/06 07:00,0.2
03/14/06 08:00,4.4
03/14/06 09:00,8.1
03/14/06 10:00,10.4
03/14/06 11:00,10.8
03/14/06 12:00,11.1
03/14/06 13:00,10.5
03/14/06 14:00,8.4
03/14/06 15:00,7.3
03/14/06 16:00,4.5
03/14/06 17:00,1.5
03/14/06 18:00,0.0
03/14/06 19:00,0.0
03/14/06 20:00,0.0
03/14/06 21:00,0.0
03/14/06 22:00,0.0
03/14/06 23:00,0.0
03/15/06 00:00,0.0
03/15/06 01:00,0.0
03/15/06 02:00,0.0
03/15/06 03:00,0.0
03/15/06 04:00,0.0
03/15/06 05:00,0.0
03/15/06 06:00,0.0
03/15/06 07:00,0.3
03/15/06 08:00,4.7
03/15/06 09:00,7.5
03/15/06 10:00,9.7
03/15/06 11:00,11.0
03/15/06 12:00,11.2
03/15/06 13:00,10.4
03/15/06 14:00,9.4
03/15/06 15:00,7.2
03/15/06 16:00,4.5
03/15/06 17:00,1.5
03/15/06 18:00,0.0
03/15/06 19:00,0.0
03/15/06 20:00,0.0
03/15/06 21:00,0.0
03/15/06 22:00,0.0
03/15/06 23:00,0.0
03/16/06 00:00,0.0
03/16/06 01:00,0.0
03/16/06 02:00,0.0
03/16/06 03:00,0.0
03/16/06 04:00,0.0
03/16/06 05:00,0.0
03/16/06 06:00,0.0
03/16/06 07:00,0.1
03/16/06 08:00,4.5
03/16/06 09:00,7.6
03/16/06 10:00,9.8
03/16/06 11:00,10.8
03/16/06 12:00,9.9
03/16/06 13:00,9.5
03/16/06 14:00,8.0
03/16/06 15:00,5.9
03/16/06 16:00,3.3
03/16/06 17:00,1.5
03/16/06 18:00,0.0
03/16/06 19:00,0.0
03/16/06 20:00,0.0
03/16/06 21:00,0.0
03/16/06 22:00,0.0
03/16/06 23:00,0.0
03/17/06 00:00,0.0
03/17/06 01:00,0.0
03/17/06 02:00,0.0
03/17/06 03:00,0.0
03/17/06 04:00,0.0
03/17/06 05:00,0.0
03/17/06 06:00,0.0
03/17/06 07:00,0.0
03/17/06 08:00,0.1
03/17/06 09:00,4.1
03/17/06 10:00,7.5
03/17/06 11:00,8.9
03/17/06 12:00,8.7
03/17/06 13:00,9.8
03/17/06 14:00,8.7
03/17/06 15:00,7.2
03/17/06 16:00,4.4
03/17/06 17:00,1.6
03/17/06 18:00,0.0
03/17/06 19:00,0.0
03/17/06 20:00,0.0
03/17/06 21:00,0.0
03/17/06 22:00,0.0
03/17/06 23:00,0.0
03/18/06 00:00,0.0
03/18/06 01:00,0.0
03/18/06 02:00,0.0
03/18/06 03:00,0.0
03/18/06 04:00,0.0
03/18/06 05:00,0.0
03/18/06 06:00,0.0
03/18/06 07:00,1.0
03/18/06 08:00,5.1
03/18/06 09:00,8.8
03/18/06 10:00,10.7
03/18/06 11:00,11.8
03/18/06 12:00,11.2
03/18/06 13:00,10.8
03/18/06 14:00,9.7
03/18/06 15:00,7.2
03/18/06 16:00,4.7
03/18/06 17:00,1.6
03/18/06 18:00,0.0
03/18/06 19:00,0.0
03/18/06 20:00,0.0
03/18/06 21:00,0.0
03/18/06 22:00,0.0
03/18/06 23:00,0.0
03/19/06 00:00,0.0
03/19/06 01:00,0.0
03/19/06 02:00,0.0
03/19/06 03:00,0.0
03/19/06 04:00,0.0
03/19/06 05:00,0.0
03/19/06 06:00,0.0
03/19/06 07:00,1.0
03/19/06 08:00,4.9
03/19/06 09:00,8.3
03/19/06 10:00,11.1
03/19/06 11:00,11.1
03/19/06 12:00,12.1
03/19/06 13:00,11.2
03/19/06 14:00,9.1
03/19/06 15:00,7.4
03/19/06 16:00,4.5
03/19/06 17:00,1.6
03/19/06 18:00,0.0
03/19/06 19:00,0.0
03/19/06 20:00,0.0
03/19/06 21:00,0.0
03/19/06 22:00,0.0
03/19/06 23:00,0.0
03/20/06 00:00,0.0
03/20/06 01:00,0.0
03/20/06 02:00,0.0
03/20/06 03:00,0.0
03/20/06 04:00,0.0
03/20/06 05:00,0.0
03/20/06 06:00,0.0
03/20/06 07:00,0.9
03/20/06 08:00,3.9
03/20/06 09:00,6.1
03/20/06 10:00,9.5
03/20/06 11:00,8.4
03/20/06 12:00,10.5
03/20/06 13:00,9.2
03/20/06 14:00,8.1
03/20/06 15:00,5.0
03/20/06 16:00,3.1
03/20/06 17:00,0.8
03/20/06 18:00,0.0
03/20/06 19:00,0.0
03/20/06 20:00,0.0
03/20/06 21:00,0.0
03/20/06 22:00,0.0
03/20/06 23:00,0.0
03/21/06 00:00,0.0
03/21/06 01:00,0.0
03/21/06 02:00,0.0
03/21/06 03:00,0.0
03/21/06 04:00,0.0
03/21/06 05:00,0.0
03/21/06 06:00,0.0
03/21/06 07:00,1.2
03/21/06 08:00,2.3
03/21/06 09:00,2.6
03/21/06 10:00,7.0
03/21/06 11:00,3.9
03/21/06 12:00,3.2
03/21/06 13:00,1.6
03/21/06 14:00,2.3
03/21/06 15:00,2.6
03/21/06 16:00,3.1
03/21/06 17:00,1.5
03/21/06 18:00,0.0
03/21/06 19:00,0.0
03/21/06 20:00,0.0
03/21/06 21:00,0.0
03/21/06 22:00,0.0
03/21/06 23:00,0.0
03/22/06 00:00,0.0
03/22/06 01:00,0.0
03/22/06 02:00,0.0
03/22/06 03:00,0.0
03/22/06 04:00,0.0
03/22/06 05:00,0.0
03/22/06 06:00,0.0
03/22/06 07:00,1.5
03/22/06 08:00,5.5
03/22/06 09:00,7.9
03/22/06 10:00,10.2
03/22/06 11:00,9.6
03/22/06 12:00,10.7
03/22/06 13:00,10.0
03/22/06 14:00,7.7
03/22/06 15:00,7.8
03/22/06 16:00,5.0
03/22/06 17:00,1.7
03/22/06 18:00,0.0
03/22/06 19:00,0.0
03/22/06 20:00,0.0
03/22/06 21:00,0.0
03/22/06 22:00,0.0
03/22/06 23:00,0.0
03/23/06 00:00,0.0
03/23/06 01:00,0.0
03/23/06 02:00,0.0
03/23/06 03:00,0.0
03/23/06 04:00,0.0
03/23/06 05:00,0.0
03/23/06 06:00,0.0
03/23/06 07:00,1.5
03/23/06 08:00,5.2
03/23/06 09:00,8.6
03/23/06 10:00,9.3
03/23/06 11:00,8.8
03/23/06 12:00,9.2
03/23/06 13:00,10.0
03/23/06 14:00,7.5
03/23/06 15:00,6.3
03/23/06 16:00,3.9
03/23/06 17:00,1.7
03/23/06 18:00,0.0
03/23/06 19:00,0.0
03/23/06 20:00,0.0
03/23/06 21:00,0.0
03/23/06 22:00,0.0
03/23/06 23:00,0.0
03/24/06 00:00,0.0
03/24/06 01:00,0.0
03/24/06 02:00,0.0
03/24/06 03:00,0.0
03/24/06 04:00,0.0
03/24/06 05:00,0.0
03/24/06 06:00,0.0
03/24/06 07:00,1.4
03/24/06 08:00,5.0
03/24/06 09:00,8.0
03/24/06 10:00,9.2
03/24/06 11:00,10.0
03/24/06 12:00,9.6
03/24/06 13:00,8.9
03/24/06 14:00,8.6
03/24/06 15:00,6.2
03/24/06 16:00,3.7
03/24/06 17:00,1.7
03/24/06 18:00,0.0
03/24/06 19:00,0.0
03/24/06 20:00,0.0
03/24/06 21:00,0.0
03/24/06 22:00,0.0
03/24/06 23:00,0.0
03/25/06 00:00,0.0
03/25/06 01:00,0.0
03/25/06 02:00,0.0
03/25/06 03:00,0.0
03/25/06 04:00,0.0
03/25/06 05:00,0.0
03/25/06 06:00,0.0
03/25/06 07:00,0.0
03/25/06 08:00,1.6
03/25/06 09:00,3.7
03/25/06 10:00,5.8
03/25/06 11:00,6.9
03/25/06 12:00,7.2
03/25/06 13:00,6.9
03/25/06 14:00,6.2
03/25/06 15:00,6.4
03/25/06 16:00,3.7
03/25/06 17:00,1.6
03/25/06 18:00,0.0
03/25/06 19:00,0.0
03/25/06 20:00,0.0
03/25/06 21:00,0.0
03/25/06 22:00,0.0
03/25/06 23:00,0.0
03/26/06 00:00,0.0
03/26/06 01:00,0.0
03/26/06 02:00,0.0
03/26/06 03:00,0.0
03/26/06 04:00,0.0
03/26/06 05:00,0.0
03/26/06 06:00,0.0
03/26/06 07:00,1.6
03/26/06 08:00,5.4
03/26/06 09:00,7.8
03/26/06 10:00,9.2
03/26/06 11:00,10.6
03/26/06 12:00,11.9
03/26/06 13:00,9.6
03/26/06 14:00,7.6
03/26/06 15:00,6.2
03/26/06 16:00,3.8
03/26/06 17:00,1.5
03/26/06 18:00,0.0
03/26/06 19:00,0.0
03/26/06 20:00,0.0
03/26/06 21:00,0.0
03/26/06 22:00,0.0
03/26/06 23:00,0.0
03/27/06 00:00,0.0
03/27/06 01:00,0.0
03/27/06 02:00,0.0
03/27/06 03:00,0.0
03/27/06 04:00,0.0
03/27/06 05:00,0.0
03/27/06 06:00,0.0
03/27/06 07:00,1.9
03/27/06 08:00,5.6
03/27/06 09:00,9.0
03/27/06 10:00,10.9
03/27/06 11:00,12.1
03/27/06 12:00,11.9
03/27/06 13:00,10.7
03/27/06 14:00,9.6
03/27/06 15:00,7.5
03/27/06 16:00,4.5
03/27/06 17:00,1.7
03/27/06 18:00,0.0
03/27/06 19:00,0.0
03/27/06 20:00,0.0
03/27/06 21:00,0.0
03/27/06 22:00,0.0
03/27/06 23:00,0.0
03/28/06 00:00,0.0
03/28/06 01:00,0.0
03/28/06 02:00,0.0
03/28/06 03:00,0.0
03/28/06 04:00,0.0
03/28/06 05:00,0.0
03/28/06 06:00,0.0
03/28/06 07:00,0.1
03/28/06 08:00,3.5
03/28/06 09:00,5.4
03/28/06 10:00,7.2
03/28/06 11:00,9.9
03/28/06 12:00,9.9
03/28/06 13:00,8.2
03/28/06 14:00,1.9
03/28/06 15:00,4.6
03/28/06 16:00,1.6
03/28/06 17:00,0.0
03/28/06 18:00,0.0
03/28/06 19:00,0.0
03/28/06 20:00,0.0
03/28/06 21:00,0.0
03/28/06 22:00,0.0
03/28/06 23:00,0.0
03/29/06 00:00,0.0
03/29/06 01:00,0.0
03/29/06 02:00,0.0
03/29/06 03:00,0.0
03/29/06 04:00,0.0
03/29/06 05:00,0.0
03/29/06 06:00,0.0
03/29/06 07:00,0.0
03/29/06 08:00,0.6
03/29/06 09:00,2.2
03/29/06 10:00,4.7
03/29/06 11:00,8.4
03/29/06 12:00,10.6
03/29/06 13:00,10.2
03/29/06 14:00,7.3
03/29/06 15:00,5.6
03/29/06 16:00,4.3
03/29/06 17:00,1.7
03/29/06 18:00,0.0
03/29/06 19:00,0.0
03/29/06 20:00,0.0
03/29/06 21:00,0.0
03/29/06 22:00,0.0
03/29/06 23:00,0.0
03/30/06 00:00,0.0
03/30/06 01:00,0.0
03/30/06 02:00,0.0
03/30/06 03:00,0.0
03/30/06 04:00,0.0
03/30/06 05:00,0.0
03/30/06 06:00,0.0
03/30/06 07:00,1.9
03/30/06 08:00,5.2
03/30/06 09:00,7.9
03/30/06 10:00,9.8
03/30/06 11:00,10.8
03/30/06 12:00,9.5
03/30/06 13:00,9.1
03/30/06 14:00,8.2
03/30/06 15:00,6.4
03/30/06 16:00,5.1
03/30/06 17:00,1.8
03/30/06 18:00,0.0
03/30/06 19:00,0.0
03/30/06 20:00,0.0
03/30/06 21:00,0.0
03/30/06 22:00,0.0
03/30/06 23:00,0.0
03/31/06 00:00,0.0
03/31/06 01:00,0.0
03/31/06 02:00,0.0
03/31/06 03:00,0.0
03/31/06 04:00,0.0
03/31/06 05:00,0.0
03/31/06 06:00,0.0
03/31/06 07:00,1.5
03/31/06 08:00,5.0
03/31/06 09:00,7.5
03/31/06 10:00,9.2
03/31/06 11:00,10.2
03/31/06 12:00,10.0
03/31/06 13:00,9.8
03/31/06 14:00,9.0
03/31/06 15:00,6.2
03/31/06 16:00,3.8
03/31/06 17:00,1.3
03/31/06 18:00,0.0
03/31/06 19:00,0.0
03/31/06 20:00,0.0
03/31/06 21:00,0.0
03/31/06 22:00,0.0
03/31/06 23:00,0.0
04/01/06 00:00,0.0
04/01/06 01:00,0.0
04/01/06 02:00,0.0
04/01/06 03:00,0.0
04/01/06 04:00,0.0
04/01/06 05:00,0.0
04/01/06 06:00,0.0
04/01/06 07:00,1.9
04/01/06 08:00,4.9
04/01/06 09:00,5.6
04/01/06 10:00,5.7
04/01/06 11:00,6.4
04/01/06 12:00,7.0
04/01/06 13:00,8.6
04/01/06 14:00,7.7
04/01/06 15:00,6.7
04/01/06 16:00,4.9
04/01/06 17:00,1.7
04/01/06 18:00,0.0
04/01/06 19:00,0.0
04/01/06 20:00,0.0
04/01/06 21:00,0.0
04/01/06 22:00,0.0
04/01/06 23:00,0.0
04/02/06 00:00,0.0
04/02/06 01:00,0.0
04/02/06 02:00,0.0
04/02/06 03:00,0.0
04/02/06 04:00,0.0
04/02/06 05:00,0.0
04/02/06 06:00,0.0
04/02/06 07:00,2.3
04/02/06 08:00,5.5
04/02/06 09:00,7.2
04/02/06 10:00,8.5
04/02/06 11:00,9.7
04/02/06 12:00,10.1
04/02/06 13:00,10.1
04/02/06 14:00,9.3
04/02/06 15:00,7.0
04/02/06 16:00,4.7
04/02/06 17:00,1.8
04/02/06 18:00,0.0
04/02/06 19:00,0.0
04/02/06 20:00,0.0
04/02/06 21:00,0.0
04/02/06 22:00,0.0
04/02/06 23:00,0.0
04/03/06 00:00,0.0
04/03/06 01:00,0.0
04/03/06 02:00,0.0
04/03/06 03:00,0.0
04/03/06 04:00,0.0
04/03/06 05:00,0.0
04/03/06 06:00,0.0
04/03/06 07:00,0.0
04/03/06 08:00,0.0
04/03/06 09:00,0.1
04/03/06 10:00,0.4
04/03/06 11:00,0.8
04/03/06 12:00,2.4
04/03/06 13:00,2.3
04/03/06 14:00,1.5
04/03/06 15:00,1.6
04/03/06 16:00,1.7
04/03/06 17:00,1.5
04/03/06 18:00,0.0
04/03/06 19:00,0.0
04/03/06 20:00,0.0
04/03/06 21:00,0.0
04/03/06 22:00,0.0
04/03/06 23:00,0.0
04/04/06 00:00,0.0
04/04/06 01:00,0.0
04/04/06 02:00,0.0
04/04/06 03:00,0.0
04/04/06 04:00,0.0
04/04/06 05:00,0.0
04/04/06 06:00,0.0
04/04/06 07:00,2.6
04/04/06 08:00,6.5
04/04/06 09:00,9.5
04/04/06 10:00,10.8
04/04/06 11:00,12.1
04/04/06 12:00,12.1
04/04/06 13:00,10.9
04/04/06 14:00,9.4
04/04/06 15:00,7.2
04/04/06 16:00,4.8
04/04/06 17:00,2.0
04/04/06 18:00,0.0
04/04/06 19:00,0.0
04/04/06 20:00,0.0
04/04/06 21:00,0.0
04/04/06 22:00,0.0
04/04/06 23:00,0.0
04/05/06 00:00,0.0
04/05/06 01:00,0.0
04/05/06 02:00,0.0
04/05/06 03:00,0.0
04/05/06 04:00,0.0
04/05/06 05:00,0.0
04/05/06 06:00,0.0
04/05/06 07:00,2.6
04/05/06 08:00,6.4
04/05/06 09:00,8.0
04/05/06 10:00,10.7
04/05/06 11:00,11.5
04/05/06 12:00,11.6
04/05/06 13:00,10.7
04/05/06 14:00,8.8
04/05/06 15:00,6.3
04/05/06 16:00,3.8
04/05/06 17:00,2.1
04/05/06 18:00,0.0
04/05/06 19:00,0.0
04/05/06 20:00,0.0
04/05/06 21:00,0.0
04/05/06 22:00,0.0
04/05/06 23:00,0.0
04/06/06 00:00,0.0
04/06/06 01:00,0.0
04/06/06 02:00,0.0
04/06/06 03:00,0.0
04/06/06 04:00,0.0
04/06/06 05:00,0.0
04/06/06 06:00,0.0
04/06/06 07:00,2.5
04/06/06 08:00,5.9
04/06/06 09:00,9.2
04/06/06 10:00,11.1
04/06/06 11:00,11.3
04/06/06 12:00,11.0
04/06/06 13:00,10.9
04/06/06 14:00,8.4
04/06/06 15:00,6.1
04/06/06 16:00,3.8
04/06/06 17:00,1.8
04/06/06 18:00,0.0
04/06/06 19:00,0.0
04/06/06 20:00,0.0
04/06/06 21:00,0.0
04/06/06 22:00,0.0
04/06/06 23:00,0.0
04/07/06 00:00,0.0
04/07/06 01:00,0.0
04/07/06 02:00,0.0
04/07/06 03:00,0.0
04/07/06 04:00,0.0
04/07/06 05:00,0.0
04/07/06 06:00,0.0
04/07/06 07:00,0.3
04/07/06 08:00,2.8
04/07/06 09:00,1.7
04/07/06 10:00,8.0
04/07/06 11:00,9.1
04/07/06 12:00,10.1
04/07/06 13:00,4.9
04/07/06 14:00,3.8
04/07/06 15:00,7.3
04/07/06 16:00,3.2
04/07/06 17:00,1.7
04/07/06 18:00,0.0
04/07/06 19:00,0.0
04/07/06 20:00,0.0
04/07/06 21:00,0.0
04/07/06 22:00,0.0
04/07/06 23:00,0.0
04/08/06 00:00,0.0
04/08/06 01:00,0.0
04/08/06 02:00,0.0
04/08/06 03:00,0.0
04/08/06 04:00,0.0
04/08/06 05:00,0.0
04/08/06 06:00,0.0
04/08/06 07:00,0.0
04/08/06 08:00,0.1
04/08/06 09:00,0.0
04/08/06 10:00,1.6
04/08/06 11:00,1.8
04/08/06 12:00,3.7
04/08/06 13:00,6.4
04/08/06 14:00,6.8
04/08/06 15:00,5.9
04/08/06 16:00,4.0
04/08/06 17:00,1.5
04/08/06 18:00,0.0
04/08/06 19:00,0.0
04/08/06 20:00,0.0
04/08/06 21:00,0.0
04/08/06 22:00,0.0
04/08/06 23:00,0.0
04/09/06 00:00,0.0
04/09/06 01:00,0.0
04/09/06 02:00,0.0
04/09/06 03:00,0.0
04/09/06 04:00,0.0
04/09/06 05:00,0.0
04/09/06 06:00,0.0
04/09/06 07:00,2.9
04/09/06 08:00,6.6
04/09/06 09:00,9.8
04/09/06 10:00,11.5
04/09/06 11:00,11.5
04/09/06 12:00,11.8
04/09/06 13:00,10.8
04/09/06 14:00,9.3
04/09/06 15:00,7.6
04/09/06 16:00,4.9
04/09/06 17:00,2.0
04/09/06 18:00,0.0
04/09/06 19:00,0.0
04/09/06 20:00,0.0
04/09/06 21:00,0.0
04/09/06 22:00,0.0
04/09/06 23:00,0.0
04/10/06 00:00,0.0
04/10/06 01:00,0.0
04/10/06 02:00,0.0
04/10/06 03:00,0.0
04/10/06 04:00,0.0
04/10/06 05:00,0.0
04/10/06 06:00,0.0
04/10/06 07:00,2.2
04/10/06 08:00,5.7
04/10/06 09:00,7.5
04/10/06 10:00,10.7
04/10/06 11:00,11.5
04/10/06 12:00,11.0
04/10/06 13:00,10.8
04/10/06 14:00,9.5
04/10/06 15:00,7.5
04/10/06 16:00,5.0
04/10/06 17:00,2.1
04/10/06 18:00,0.0
04/10/06 19:00,0.0
04/10/06 20:00,0.0
04/10/06 21:00,0.0
04/10/06 22:00,0.0
04/10/06 23:00,0.0
04/11/06 00:00,0.0
04/11/06 01:00,0.0
04/11/06 02:00,0.0
04/11/06 03:00,0.0
04/11/06 04:00,0.0
04/11/06 05:00,0.0
04/11/06 06:00,0.0
04/11/06 07:00,2.6
04/11/06 08:00,5.6
04/11/06 09:00,8.2
04/11/06 10:00,10.1
04/11/06 11:00,10.7
04/11/06 12:00,11.3
04/11/06 13:00,9.5
04/11/06 14:00,8.0
04/11/06 15:00,7.7
04/11/06 16:00,4.2
04/11/06 17:00,2.1
04/11/06 18:00,0.0
04/11/06 19:00,0.0
04/11/06 20:00,0.0
04/11/06 21:00,0.0
04/11/06 22:00,0.0
04/11/06 23:00,0.0
04/12/06 00:00,0.0
04/12/06 01:00,0.0
04/12/06 02:00,0.0
04/12/06 03:00,0.0
04/12/06 04:00,0.0
04/12/06 05:00,0.0
04/12/06 06:00,0.0
04/12/06 07:00,1.5
04/12/06 08:00,3.3
04/12/06 09:00,6.1
04/12/06 10:00,1.8
04/12/06 11:00,8.9
04/12/06 12:00,4.5
04/12/06 13:00,3.5
04/12/06 14:00,5.7
04/12/06 15:00,4.2
04/12/06 16:00,3.1
04/12/06 17:00,2.1
04/12/06 18:00,0.0
04/12/06 19:00,0.0
04/12/06 20:00,0.0
04/12/06 21:00,0.0
04/12/06 22:00,0.0
04/12/06 23:00,0.0
04/13/06 00:00,0.0
04/13/06 01:00,0.0
04/13/06 02:00,0.0
04/13/06 03:00,0.0
04/13/06 04:00,0.0
04/13/06 05:00,0.0
04/13/06 06:00,0.0
04/13/06 07:00,2.1
04/13/06 08:00,6.5
04/13/06 09:00,8.0
04/13/06 10:00,8.5
04/13/06 11:00,11.4
04/13/06 12:00,10.6
04/13/06 13:00,9.6
04/13/06 14:00,8.2
04/13/06 15:00,7.4
04/13/06 16:00,4.7
04/13/06 17:00,2.1
04/13/06 18:00,0.0
04/13/06 19:00,0.0
04/13/06 20:00,0.0
04/13/06 21:00,0.0
04/13/06 22:00,0.0
04/13/06 23:00,0.0
04/14/06 00:00,0.0
04/14/06 01:00,0.0
04/14/06 02:00,0.0
04/14/06 03:00,0.0
04/14/06 04:00,0.0
04/14/06 05:00,0.0
04/14/06 06:00,0.0
04/14/06 07:00,0.1
04/14/06 08:00,1.7
04/14/06 09:00,1.3
04/14/06 10:00,0.3
04/14/06 11:00,2.2
04/14/06 12:00,4.0
04/14/06 13:00,0.3
04/14/06 14:00,4.5
04/14/06 15:00,6.1
04/14/06 16:00,4.1
04/14/06 17:00,1.7
04/14/06 18:00,0.0
04/14/06 19:00,0.0
04/14/06 20:00,0.0
04/14/06 21:00,0.0
04/14/06 22:00,0.0
04/14/06 23:00,0.0
04/15/06 00:00,0.0
04/15/06 01:00,0.0
04/15/06 02:00,0.0
04/15/06 03:00,0.0
04/15/06 04:00,0.0
04/15/06 05:00,0.0
04/15/06 06:00,0.0
04/15/06 07:00,2.7
04/15/06 08:00,5.8
04/15/06 09:00,7.9
04/15/06 10:00,8.5
04/15/06 11:00,8.6
04/15/06 12:00,9.0
04/15/06 13:00,8.4
04/15/06 14:00,7.7
04/15/06 15:00,5.8
04/15/06 16:00,3.8
04/15/06 17:00,2.1
04/15/06 18:00,0.0
04/15/06 19:00,0.0
04/15/06 20:00,0.0
04/15/06 21:00,0.0
04/15/06 22:00,0.0
04/15/06 23:00,0.0
04/16/06 00:00,0.0
04/16/06 01:00,0.0
04/16/06 02:00,0.0
04/16/06 03:00,0.0
04/16/06 04:00,0.0
04/16/06 05:00,0.0
04/16/06 06:00,0.0
04/16/06 07:00,2.0
04/16/06 08:00,4.6
04/16/06 09:00,3.9
04/16/06 10:00,7.5
04/16/06 11:00,4.7
04/16/06 12:00,8.1
04/16/06 13:00,7.3
04/16/06 14:00,2.4
04/16/06 15:00,0.6
04/16/06 16:00,0.1
04/16/06 17:00,0.2
04/16/06 18:00,0.0
04/16/06 19:00,0.0
04/16/06 20:00,0.0
04/16/06 21:00,0.0
04/16/06 22:00,0.0
04/16/06 23:00,0.0
04/17/06 00:00,0.0
04/17/06 01:00,0.0
04/17/06 02:00,0.0
04/17/06 03:00,0.0
04/17/06 04:00,0.0
04/17/06 05:00,0.0
04/17/06 06:00,0.0
04/17/06 07:00,0.2
04/17/06 08:00,1.6
04/17/06 09:00,4.5
04/17/06 10:00,7.3
04/17/06 11:00,8.8
04/17/06 12:00,9.0
04/17/06 13:00,7.8
04/17/06 14:00,8.9
04/17/06 15:00,7.5
04/17/06 16:00,5.0
04/17/06 17:00,2.4
04/17/06 18:00,0.0
04/17/06 19:00,0.0
04/17/06 20:00,0.0
04/17/06 21:00,0.0
04/17/06 22:00,0.0
04/17/06 23:00,0.0
04/18/06 00:00,0.0
04/18/06 01:00,0.0
04/18/06 02:00,0.0
04/18/06 03:00,0.0
04/18/06 04:00,0.0
04/18/06 05:00,0.0
04/18/06 06:00,0.0
04/18/06 07:00,3.2
04/18/06 08:00,6.4
04/18/06 09:00,8.7
04/18/06 10:00,10.1
04/18/06 11:00,11.3
04/18/06 12:00,11.3
04/18/06 13:00,11.1
04/18/06 14:00,9.6
04/18/06 15:00,8.2
04/18/06 16:00,5.3
04/18/06 17:00,2.3
04/18/06 18:00,0.0
04/18/06 19:00,0.0
04/18/06 20:00,0.0
04/18/06 21:00,0.0
04/18/06 22:00,0.0
04/18/06 23:00,0.0
04/19/06 00:00,0.0
04/19/06 01:00,0.0
04/19/06 02:00,0.0
04/19/06 03:00,0.0
04/19/06 04:00,0.0
04/19/06 05:00,0.0
04/19/06 06:00,0.0
04/19/06 07:00,3.1
04/19/06 08:00,6.3
04/19/06 09:00,9.0
04/19/06 10:00,9.8
04/19/06 11:00,11.2
04/19/06 12:00,11.5
04/19/06 13:00,11.4
04/19/06 14:00,9.9
04/19/06 15:00,8.0
04/19/06 16:00,5.1
04/19/06 17:00,2.3
04/19/06 18:00,0.0
04/19/06 19:00,0.0
04/19/06 20:00,0.0
04/19/06 21:00,0.0
04/19/06 22:00,0.0
04/19/06 23:00,0.0
04/20/06 00:00,0.0
04/20/06 01:00,0.0
04/20/06 02:00,0.0
04/20/06 03:00,0.0
04/20/06 04:00,0.0
04/20/06 05:00,0.0
04/20/06 06:00,0.0
04/20/06 07:00,3.2
04/20/06 08:00,6.4
04/20/06 09:00,9.1
04/20/06 10:00,10.6
04/20/06 11:00,11.3
04/20/06 12:00,10.1
04/20/06 13:00,9.7
04/20/06 14:00,8.4
04/20/06 15:00,6.3
04/20/06 16:00,4.1
04/20/06 17:00,2.0
04/20/06 18:00,0.0
04/20/06 19:00,0.0
04/20/06 20:00,0.0
04/20/06 21:00,0.0
04/20/06 22:00,0.0
04/20/06 23:00,0.0
04/21/06 00:00,0.0
04/21/06 01:00,0.0
04/21/06 02:00,0.0
04/21/06 03:00,0.0
04/21/06 04:00,0.0
04/21/06 05:00,0.0
04/21/06 06:00,0.0
04/21/06 07:00,0.0
04/21/06 08:00,0.1
04/21/06 09:00,1.8
04/21/06 10:00,1.7
04/21/06 11:00,0.0
04/21/06 12:00,0.2
04/21/06 13:00,1.0
04/21/06 14:00,5.1
04/21/06 15:00,4.5
04/21/06 16:00,3.7
04/21/06 17:00,1.7
04/21/06 18:00,0.0
04/21/06 19:00,0.0
04/21/06 20:00,0.0
04/21/06 21:00,0.0
04/21/06 22:00,0.0
04/21/06 23:00,0.0
04/22/06 00:00,0.0
04/22/06 01:00,0.0
04/22/06 02:00,0.0
04/22/06 03:00,0.0
04/22/06 04:00,0.0
04/22/06 05:00,0.0
04/22/06 06:00,0.0
04/22/06 07:00,0.0
04/22/06 08:00,0.0
04/22/06 09:00,0.0
04/22/06 10:00,8.3
04/22/06 11:00,7.2
04/22/06 12:00,8.7
04/22/06 13:00,7.8
04/22/06 14:00,6.0
04/22/06 15:00,3.2
04/22/06 16:00,0.6
04/22/06 17:00,0.2
04/22/06 18:00,0.0
04/22/06 19:00,0.0
04/22/06 20:00,0.0
04/22/06 21:00,0.0
04/22/06 22:00,0.0
04/22/06 23:00,0.0
04/23/06 00:00,0.0
04/23/06 01:00,0.0
04/23/06 02:00,0.0
04/23/06 03:00,0.0
04/23/06 04:00,0.0
04/23/06 05:00,0.0
04/23/06 06:00,0.0
04/23/06 07:00,1.6
04/23/06 08:00,4.0
04/23/06 09:00,6.8
04/23/06 10:00,8.4
04/23/06 11:00,8.6
04/23/06 12:00,10.8
04/23/06 13:00,9.5
04/23/06 14:00,6.8
04/23/06 15:00,7.5
04/23/06 16:00,5.2
04/23/06 17:00,2.3
04/23/06 18:00,0.0
04/23/06 19:00,0.0
04/23/06 20:00,0.0
04/23/06 21:00,0.0
04/23/06 22:00,0.0
04/23/06 23:00,0.0
04/24/06 00:00,0.0
04/24/06 01:00,0.0
04/24/06 02:00,0.0
04/24/06 03:00,0.0
04/24/06 04:00,0.0
04/24/06 05:00,0.0
04/24/06 06:00,0.0
04/24/06 07:00,3.3
04/24/06 08:00,6.5
04/24/06 09:00,8.9
04/24/06 10:00,10.7
04/24/06 11:00,11.5
04/24/06 12:00,11.9
04/24/06 13:00,10.6
04/24/06 14:00,10.3
04/24/06 15:00,7.7
04/24/06 16:00,5.4
04/24/06 17:00,2.3
04/24/06 18:00,0.0
04/24/06 19:00,0.0
04/24/06 20:00,0.0
04/24/06 21:00,0.0
04/24/06 22:00,0.0
04/24/06 23:00,0.0
04/25/06 00:00,0.0
04/25/06 01:00,0.0
04/25/06 02:00,0.0
04/25/06 03:00,0.0
04/25/06 04:00,0.0
04/25/06 05:00,0.0
04/25/06 06:00,0.1
04/25/06 07:00,3.6
04/25/06 08:00,6.3
04/25/06 09:00,8.6
04/25/06 10:00,10.5
04/25/06 11:00,10.4
04/25/06 12:00,8.5
04/25/06 13:00,9.9
04/25/06 14:00,7.6
04/25/06 15:00,0.1
04/25/06 16:00,2.7
04/25/06 17:00,0.0
04/25/06 18:00,0.0
04/25/06 19:00,0.0
04/25/06 20:00,0.0
04/25/06 21:00,0.0
04/25/06 22:00,0.0
04/25/06 23:00,0.0
04/26/06 00:00,0.0
04/26/06 01:00,0.0
04/26/06 02:00,0.0
04/26/06 03:00,0.0
04/26/06 04:00,0.0
04/26/06 05:00,0.0
04/26/06 06:00,0.1
04/26/06 07:00,3.8
04/26/06 08:00,7.7
04/26/06 09:00,7.7
04/26/06 10:00,11.1
04/26/06 11:00,11.5
04/26/06 12:00,11.9
04/26/06 13:00,10.8
04/26/06 14:00,7.4
04/26/06 15:00,8.6
04/26/06 16:00,5.2
04/26/06 17:00,2.3
04/26/06 18:00,0.0
04/26/06 19:00,0.0
04/26/06 20:00,0.0
04/26/06 21:00,0.0
04/26/06 22:00,0.0
04/26/06 23:00,0.0
04/27/06 00:00,0.0
04/27/06 01:00,0.0
04/27/06 02:00,0.0
04/27/06 03:00,0.0
04/27/06 04:00,0.0
04/27/06 05:00,0.0
04/27/06 06:00,0.1
04/27/06 07:00,3.7
04/27/06 08:00,6.7
04/27/06 09:00,8.9
04/27/06 10:00,10.0
04/27/06 11:00,11.5
04/27/06 12:00,11.4
04/27/06 13:00,10.2
04/27/06 14:00,8.5
04/27/06 15:00,8.1
04/27/06 16:00,5.1
04/27/06 17:00,1.9
04/27/06 18:00,0.0
04/27/06 19:00,0.0
04/27/06 20:00,0.0
04/27/06 21:00,0.0
04/27/06 22:00,0.0
04/27/06 23:00,0.0
04/28/06 00:00,0.0
04/28/06 01:00,0.0
04/28/06 02:00,0.0
04/28/06 03:00,0.0
04/28/06 04:00,0.0
04/28/06 05:00,0.0
04/28/06 06:00,0.1
04/28/06 07:00,3.8
04/28/06 08:00,7.3
04/28/06 09:00,9.7
04/28/06 10:00,11.4
04/28/06 11:00,12.0
04/28/06 12:00,11.9
04/28/06 13:00,11.1
04/28/06 14:00,9.4
04/28/06 15:00,7.8
04/28/06 16:00,5.2
04/28/06 17:00,2.4
04/28/06 18:00,0.0
04/28/06 19:00,0.0
04/28/06 20:00,0.0
04/28/06 21:00,0.0
04/28/06 22:00,0.0
04/28/06 23:00,0.0
04/29/06 00:00,0.0
04/29/06 01:00,0.0
04/29/06 02:00,0.0
04/29/06 03:00,0.0
04/29/06 04:00,0.0
04/29/06 05:00,0.0
04/29/06 06:00,0.2
04/29/06 07:00,3.7
04/29/06 08:00,7.0
04/29/06 09:00,9.7
04/29/06 10:00,10.4
04/29/06 11:00,11.6
04/29/06 12:00,11.1
04/29/06 13:00,10.7
04/29/06 14:00,9.2
04/29/06 15:00,7.6
04/29/06 16:00,5.0
04/29/06 17:00,2.3
04/29/06 18:00,0.1
04/29/06 19:00,0.0
04/29/06 20:00,0.0
04/29/06 21:00,0.0
04/29/06 22:00,0.0
04/29/06 23:00,0.0
04/30/06 00:00,0.0
04/30/06 01:00,0.0
04/30/06 02:00,0.0
04/30/06 03:00,0.0
04/30/06 04:00,0.0
04/30/06 05:00,0.0
04/30/06 06:00,0.2
04/30/06 07:00,3.5
04/30/06 08:00,5.8
04/30/06 09:00,7.6
04/30/06 10:00,9.0
04/30/06 11:00,0.0
04/30/06 12:00,11.1
04/30/06 13:00,11.3
04/30/06 14:00,9.8
04/30/06 15:00,7.7
04/30/06 16:00,5.3
04/30/06 17:00,2.3
04/30/06 18:00,0.1
04/30/06 19:00,0.0
04/30/06 20:00,0.0
04/30/06 21:00,0.0
04/30/06 22:00,0.0
04/30/06 23:00,0.0
05/01/06 00:00,0.0
05/01/06 01:00,0.0
05/01/06 02:00,0.0
05/01/06 03:00,0.0
05/01/06 04:00,0.0
05/01/06 05:00,0.0
05/01/06 06:00,0.2
05/01/06 07:00,3.1
05/01/06 08:00,2.4
05/01/06 09:00,9.1
05/01/06 10:00,10.2
05/01/06 11:00,10.7
05/01/06 12:00,10.7
05/01/06 13:00,10.1
05/01/06 14:00,8.5
05/01/06 15:00,7.2
05/01/06 16:00,5.0
05/01/06 17:00,1.9
05/01/06 18:00,0.1
05/01/06 19:00,0.0
05/01/06 20:00,0.0
05/01/06 21:00,0.0
05/01/06 22:00,0.0
05/01/06 23:00,0.0
05/02/06 00:00,0.0
05/02/06 01:00,0.0
05/02/06 02:00,0.0
05/02/06 03:00,0.0
05/02/06 04:00,0.0
05/02/06 05:00,0.0
05/02/06 06:00,0.2
05/02/06 07:00,3.8
05/02/06 08:00,7.1
05/02/06 09:00,8.6
05/02/06 10:00,10.2
05/02/06 11:00,11.0
05/02/06 12:00,10.4
05/02/06 13:00,9.9
05/02/06 14:00,8.7
05/02/06 15:00,7.1
05/02/06 16:00,4.4
05/02/06 17:00,2.0
05/02/06 18:00,0.1
05/02/06 19:00,0.0
05/02/06 20:00,0.0
05/02/06 21:00,0.0
05/02/06 22:00,0.0
05/02/06 23:00,0.0
05/03/06 00:00,0.0
05/03/06 01:00,0.0
05/03/06 02:00,0.0
05/03/06 03:00,0.0
05/03/06 04:00,0.0
05/03/06 05:00,0.0
05/03/06 06:00,0.2
05/03/06 07:00,3.9
05/03/06 08:00,6.3
05/03/06 09:00,6.9
05/03/06 10:00,7.6
05/03/06 11:00,7.7
05/03/06 12:00,5.7
05/03/06 13:00,6.5
05/03/06 14:00,7.6
05/03/06 15:00,6.9
05/03/06 16:00,5.0
05/03/06 17:00,2.4
05/03/06 18:00,0.1
05/03/06 19:00,0.0
05/03/06 20:00,0.0
05/03/06 21:00,0.0
05/03/06 22:00,0.0
05/03/06 23:00,0.0
05/04/06 00:00,0.0
05/04/06 01:00,0.0
05/04/06 02:00,0.0
05/04/06 03:00,0.0
05/04/06 04:00,0.0
05/04/06 05:00,0.0
05/04/06 06:00,0.3
05/04/06 07:00,3.9
05/04/06 08:00,6.9
05/04/06 09:00,9.3
05/04/06 10:00,10.5
05/04/06 11:00,11.1
05/04/06 12:00,9.1
05/04/06 13:00,10.3
05/04/06 14:00,7.8
05/04/06 15:00,6.0
05/04/06 16:00,3.0
05/04/06 17:00,0.8
05/04/06 18:00,0.0
05/04/06 19:00,0.0
05/04/06 20:00,0.0
05/04/06 21:00,0.0
05/04/06 22:00,0.0
05/04/06 23:00,0.0
05/05/06 00:00,0.0
05/05/06 01:00,0.0
05/05/06 02:00,0.0
05/05/06 03:00,0.0
05/05/06 04:00,0.0
05/05/06 05:00,0.0
05/05/06 06:00,0.3
05/05/06 07:00,3.5
05/05/06 08:00,5.6
05/05/06 09:00,7.5
05/05/06 10:00,8.8
05/05/06 11:00,8.4
05/05/06 12:00,8.3
05/05/06 13:00,8.4
05/05/06 14:00,7.8
05/05/06 15:00,5.7
05/05/06 16:00,3.8
05/05/06 17:00,2.0
05/05/06 18:00,0.1
05/05/06 19:00,0.0
05/05/06 20:00,0.0
05/05/06 21:00,0.0
05/05/06 22:00,0.0
05/05/06 23:00,0.0
05/06/06 00:00,0.0
05/06/06 01:00,0.0
05/06/06 02:00,0.0
05/06/06 03:00,0.0
05/06/06 04:00,0.0
05/06/06 05:00,0.0
05/06/06 06:00,0.3
05/06/06 07:00,3.4
05/06/06 08:00,7.0
05/06/06 09:00,9.3
05/06/06 10:00,10.9
05/06/06 11:00,11.1
05/06/06 12:00,11.1
05/06/06 13:00,5.5
05/06/06 14:00,9.9
05/06/06 15:00,7.4
05/06/06 16:00,5.2
05/06/06 17:00,2.6
05/06/06 18:00,0.1
05/06/06 19:00,0.0
05/06/06 20:00,0.0
05/06/06 21:00,0.0
05/06/06 22:00,0.0
05/06/06 23:00,0.0
05/07/06 00:00,0.0
05/07/06 01:00,0.0
05/07/06 02:00,0.0
05/07/06 03:00,0.0
05/07/06 04:00,0.0
05/07/06 05:00,0.0
05/07/06 06:00,0.0
05/07/06 07:00,0.7
05/07/06 08:00,6.4
05/07/06 09:00,7.2
05/07/06 10:00,3.1
05/07/06 11:00,4.1
05/07/06 12:00,10.4
05/07/06 13:00,6.8
05/07/06 14:00,6.1
05/07/06 15:00,4.5
05/07/06 16:00,4.0
05/07/06 17:00,1.9
05/07/06 18:00,0.1
05/07/06 19:00,0.0
05/07/06 20:00,0.0
05/07/06 21:00,0.0
05/07/06 22:00,0.0
05/07/06 23:00,0.0
05/08/06 00:00,0.0
05/08/06 01:00,0.0
05/08/06 02:00,0.0
05/08/06 03:00,0.0
05/08/06 04:00,0.0
05/08/06 05:00,0.0
05/08/06 06:00,0.0
05/08/06 07:00,0.3
05/08/06 08:00,0.3
05/08/06 09:00,0.2
05/08/06 10:00,0.4
05/08/06 11:00,2.3
05/08/06 12:00,3.6
05/08/06 13:00,8.2
05/08/06 14:00,5.6
05/08/06 15:00,3.5
05/08/06 16:00,2.3
05/08/06 17:00,1.4
05/08/06 18:00,0.1
05/08/06 19:00,0.0
05/08/06 20:00,0.0
05/08/06 21:00,0.0
05/08/06 22:00,0.0
05/08/06 23:00,0.0
05/09/06 00:00,0.0
05/09/06 01:00,0.0
05/09/06 02:00,0.0
05/09/06 03:00,0.0
05/09/06 04:00,0.0
05/09/06 05:00,0.0
05/09/06 06:00,0.2
05/09/06 07:00,3.3
05/09/06 08:00,6.0
05/09/06 09:00,7.4
05/09/06 10:00,8.3
05/09/06 11:00,10.9
05/09/06 12:00,11.5
05/09/06 13:00,10.6
05/09/06 14:00,9.6
05/09/06 15:00,7.5
05/09/06 16:00,4.9
05/09/06 17:00,2.6
05/09/06 18:00,0.1
05/09/06 19:00,0.0
05/09/06 20:00,0.0
05/09/06 21:00,0.0
05/09/06 22:00,0.0
05/09/06 23:00,0.0
05/10/06 00:00,0.0
05/10/06 01:00,0.0
05/10/06 02:00,0.0
05/10/06 03:00,0.0
05/10/06 04:00,0.0
05/10/06 05:00,0.0
05/10/06 06:00,0.5
05/10/06 07:00,3.9
05/10/06 08:00,7.0
05/10/06 09:00,8.9
05/10/06 10:00,10.1
05/10/06 11:00,8.3
05/10/06 12:00,10.1
05/10/06 13:00,8.1
05/10/06 14:00,9.7
05/10/06 15:00,7.6
05/10/06 16:00,5.3
05/10/06 17:00,2.4
05/10/06 18:00,0.1
05/10/06 19:00,0.0
05/10/06 20:00,0.0
05/10/06 21:00,0.0
05/10/06 22:00,0.0
05/10/06 23:00,0.0
05/11/06 00:00,0.0
05/11/06 01:00,0.0
05/11/06 02:00,0.0
05/11/06 03:00,0.0
05/11/06 04:00,0.0
05/11/06 05:00,0.0
05/11/06 06:00,0.0
05/11/06 07:00,0.1
05/11/06 08:00,0.0
05/11/06 09:00,0.0
05/11/06 10:00,0.0
05/11/06 11:00,0.0
05/11/06 12:00,0.0
05/11/06 13:00,0.2
05/11/06 14:00,0.0
05/11/06 15:00,0.1
05/11/06 16:00,0.0
05/11/06 17:00,0.0
05/11/06 18:00,0.0
05/11/06 19:00,0.0
05/11/06 20:00,0.0
05/11/06 21:00,0.0
05/11/06 22:00,0.0
05/11/06 23:00,0.0
05/12/06 00:00,0.0
05/12/06 01:00,0.0
05/12/06 02:00,0.0
05/12/06 03:00,0.0
05/12/06 04:00,0.0
05/12/06 05:00,0.0
05/12/06 06:00,0.7
05/12/06 07:00,4.1
05/12/06 08:00,7.1
05/12/06 09:00,9.5
05/12/06 10:00,11.2
05/12/06 11:00,9.8
05/12/06 12:00,9.1
05/12/06 13:00,8.1
05/12/06 14:00,7.1
05/12/06 15:00,7.0
05/12/06 16:00,5.0
05/12/06 17:00,2.8
05/12/06 18:00,0.1
05/12/06 19:00,0.0
05/12/06 20:00,0.0
05/12/06 21:00,0.0
05/12/06 22:00,0.0
05/12/06 23:00,0.0
05/13/06 00:00,0.0
05/13/06 01:00,0.0
05/13/06 02:00,0.0
05/13/06 03:00,0.0
05/13/06 04:00,0.0
05/13/06 05:00,0.0
05/13/06 06:00,0.6
05/13/06 07:00,4.2
05/13/06 08:00,6.5
05/13/06 09:00,9.2
05/13/06 10:00,9.3
05/13/06 11:00,10.1
05/13/06 12:00,8.9
05/13/06 13:00,8.3
05/13/06 14:00,9.3
05/13/06 15:00,6.4
05/13/06 16:00,5.6
05/13/06 17:00,2.8
05/13/06 18:00,0.1
05/13/06 19:00,0.0
05/13/06 20:00,0.0
05/13/06 21:00,0.0
05/13/06 22:00,0.0
05/13/06 23:00,0.0
05/14/06 00:00,0.0
05/14/06 01:00,0.0
05/14/06 02:00,0.0
05/14/06 03:00,0.0
05/14/06 04:00,0.0
05/14/06 05:00,0.0
05/14/06 06:00,0.4
05/14/06 07:00,2.9
05/14/06 08:00,4.9
05/14/06 09:00,7.7
05/14/06 10:00,7.3
05/14/06 11:00,9.8
05/14/06 12:00,9.3
05/14/06 13:00,8.4
05/14/06 14:00,7.7
05/14/06 15:00,2.6
05/14/06 16:00,4.3
05/14/06 17:00,1.9
05/14/06 18:00,0.1
05/14/06 19:00,0.0
05/14/06 20:00,0.0
05/14/06 21:00,0.0
05/14/06 22:00,0.0
05/14/06 23:00,0.0
05/15/06 00:00,0.0
05/15/06 01:00,0.0
05/15/06 02:00,0.0
05/15/06 03:00,0.0
05/15/06 04:00,0.0
05/15/06 05:00,0.0
05/15/06 06:00,0.0
05/15/06 07:00,1.8
05/15/06 08:00,6.3
05/15/06 09:00,7.7
05/15/06 10:00,8.3
05/15/06 11:00,9.0
05/15/06 12:00,8.7
05/15/06 13:00,8.9
05/15/06 14:00,7.4
05/15/06 15:00,5.7
05/15/06 16:00,3.9
05/15/06 17:00,2.3
05/15/06 18:00,0.1
05/15/06 19:00,0.0
05/15/06 20:00,0.0
05/15/06 21:00,0.0
05/15/06 22:00,0.0
05/15/06 23:00,0.0
05/16/06 00:00,0.0
05/16/06 01:00,0.0
05/16/06 02:00,0.0
05/16/06 03:00,0.0
05/16/06 04:00,0.0
05/16/06 05:00,0.0
05/16/06 06:00,0.9
05/16/06 07:00,4.2
05/16/06 08:00,7.5
05/16/06 09:00,7.9
05/16/06 10:00,9.3
05/16/06 11:00,10.3
05/16/06 12:00,8.7
05/16/06 13:00,7.5
05/16/06 14:00,8.6
05/16/06 15:00,8.2
05/16/06 16:00,4.5
05/16/06 17:00,2.1
05/16/06 18:00,0.1
05/16/06 19:00,0.0
05/16/06 20:00,0.0
05/16/06 21:00,0.0
05/16/06 22:00,0.0
05/16/06 23:00,0.0
05/17/06 00:00,0.0
05/17/06 01:00,0.0
05/17/06 02:00,0.0
05/17/06 03:00,0.0
05/17/06 04:00,0.0
05/17/06 05:00,0.0
05/17/06 06:00,0.9
05/17/06 07:00,4.1
05/17/06 08:00,6.1
05/17/06 09:00,9.5
05/17/06 10:00,8.3
05/17/06 11:00,9.5
05/17/06 12:00,8.0
05/17/06 13:00,8.0
05/17/06 14:00,7.4
05/17/06 15:00,6.1
05/17/06 16:00,4.7
05/17/06 17:00,2.5
05/17/06 18:00,0.1
05/17/06 19:00,0.0
05/17/06 20:00,0.0
05/17/06 21:00,0.0
05/17/06 22:00,0.0
05/17/06 23:00,0.0
05/18/06 00:00,0.0
05/18/06 01:00,0.0
05/18/06 02:00,0.0
05/18/06 03:00,0.0
05/18/06 04:00,0.0
05/18/06 05:00,0.0
05/18/06 06:00,0.9
05/18/06 07:00,3.7
05/18/06 08:00,6.2
05/18/06 09:00,7.5
05/18/06 10:00,8.1
05/18/06 11:00,5.5
05/18/06 12:00,8.9
05/18/06 13:00,11.0
05/18/06 14:00,9.5
05/18/06 15:00,6.1
05/18/06 16:00,5.8
05/18/06 17:00,2.3
05/18/06 18:00,0.2
05/18/06 19:00,0.0
05/18/06 20:00,0.0
05/18/06 21:00,0.0
05/18/06 22:00,0.0
05/18/06 23:00,0.0
05/19/06 00:00,0.0
05/19/06 01:00,0.0
05/19/06 02:00,0.0
05/19/06 03:00,0.0
05/19/06 04:00,0.0
05/19/06 05:00,0.0
05/19/06 06:00,1.2
05/19/06 07:00,3.9
05/19/06 08:00,4.5
05/19/06 09:00,6.8
05/19/06 10:00,8.2
05/19/06 11:00,8.7
05/19/06 12:00,8.7
05/19/06 13:00,8.5
05/19/06 14:00,4.3
05/19/06 15:00,6.3
05/19/06 16:00,4.2
05/19/06 17:00,2.2
05/19/06 18:00,0.1
05/19/06 19:00,0.0
05/19/06 20:00,0.0
05/19/06 21:00,0.0
05/19/06 22:00,0.0
05/19/06 23:00,0.0
05/20/06 00:00,0.0
05/20/06 01:00,0.0
05/20/06 02:00,0.0
05/20/06 03:00,0.0
05/20/06 04:00,0.0
05/20/06 05:00,0.0
05/20/06 06:00,1.1
05/20/06 07:00,3.5
05/20/06 08:00,6.8
05/20/06 09:00,9.7
05/20/06 10:00,9.4
05/20/06 11:00,10.4
05/20/06 12:00,11.2
05/20/06 13:00,11.1
05/20/06 14:00,9.7
05/20/06 15:00,7.8
05/20/06 16:00,5.4
05/20/06 17:00,2.9
05/20/06 18:00,0.2
05/20/06 19:00,0.0
05/20/06 20:00,0.0
05/20/06 21:00,0.0
05/20/06 22:00,0.0
05/20/06 23:00,0.0
05/21/06 00:00,0.0
05/21/06 01:00,0.0
05/21/06 02:00,0.0
05/21/06 03:00,0.0
05/21/06 04:00,0.0
05/21/06 05:00,0.0
05/21/06 06:00,1.2
05/21/06 07:00,4.0
05/21/06 08:00,6.2
05/21/06 09:00,8.1
05/21/06 10:00,8.4
05/21/06 11:00,8.7
05/21/06 12:00,7.7
05/21/06 13:00,8.7
05/21/06 14:00,7.3
05/21/06 15:00,7.3
05/21/06 16:00,5.5
05/21/06 17:00,2.7
05/21/06 18:00,0.2
05/21/06 19:00,0.0
05/21/06 20:00,0.0
05/21/06 21:00,0.0
05/21/06 22:00,0.0
05/21/06 23:00,0.0
05/22/06 00:00,0.0
05/22/06 01:00,0.0
05/22/06 02:00,0.0
05/22/06 03:00,0.0
05/22/06 04:00,0.0
05/22/06 05:00,0.0
05/22/06 06:00,1.4
05/22/06 07:00,4.6
05/22/06 08:00,7.8
05/22/06 09:00,9.9
05/22/06 10:00,10.8
05/22/06 11:00,11.5
05/22/06 12:00,11.7
05/22/06 13:00,10.9
05/22/06 14:00,8.2
05/22/06 15:00,8.0
05/22/06 16:00,4.9
05/22/06 17:00,2.2
05/22/06 18:00,0.2
05/22/06 19:00,0.0
05/22/06 20:00,0.0
05/22/06 21:00,0.0
05/22/06 22:00,0.0
05/22/06 23:00,0.0
05/23/06 00:00,0.0
05/23/06 01:00,0.0
05/23/06 02:00,0.0
05/23/06 03:00,0.0
05/23/06 04:00,0.0
05/23/06 05:00,0.0
05/23/06 06:00,1.5
05/23/06 07:00,4.9
05/23/06 08:00,8.0
05/23/06 09:00,10.0
05/23/06 10:00,10.7
05/23/06 11:00,11.5
05/23/06 12:00,11.5
05/23/06 13:00,10.7
05/23/06 14:00,9.7
05/23/06 15:00,7.3
05/23/06 16:00,5.5
05/23/06 17:00,2.9
05/23/06 18:00,0.2
05/23/06 19:00,0.0
05/23/06 20:00,0.0
05/23/06 21:00,0.0
05/23/06 22:00,0.0
05/23/06 23:00,0.0
05/24/06 00:00,0.0
05/24/06 01:00,0.0
05/24/06 02:00,0.0
05/24/06 03:00,0.0
05/24/06 04:00,0.0
05/24/06 05:00,0.0
05/24/06 06:00,1.4
05/24/06 07:00,4.4
05/24/06 08:00,6.2
05/24/06 09:00,9.4
05/24/06 10:00,8.9
05/24/06 11:00,11.4
05/24/06 12:00,10.3
05/24/06 13:00,11.1
05/24/06 14:00,9.9
05/24/06 15:00,6.9
05/24/06 16:00,5.5
05/24/06 17:00,2.7
05/24/06 18:00,0.2
05/24/06 19:00,0.0
05/24/06 20:00,0.0
05/24/06 21:00,0.0
05/24/06 22:00,0.0
05/24/06 23:00,0.0
05/25/06 00:00,0.0
05/25/06 01:00,0.0
05/25/06 02:00,0.0
05/25/06 03:00,0.0
05/25/06 04:00,0.0
05/25/06 05:00,0.0
05/25/06 06:00,0.2
05/25/06 07:00,3.0
05/25/06 08:00,4.7
05/25/06 09:00,6.1
05/25/06 10:00,5.7
05/25/06 11:00,6.9
05/25/06 12:00,2.2
05/25/06 13:00,7.0
05/25/06 14:00,7.8
05/25/06 15:00,6.6
05/25/06 16:00,4.8
05/25/06 17:00,2.6
05/25/06 18:00,0.2
05/25/06 19:00,0.0
05/25/06 20:00,0.0
05/25/06 21:00,0.0
05/25/06 22:00,0.0
05/25/06 23:00,0.0
05/26/06 00:00,0.0
05/26/06 01:00,0.0
05/26/06 02:00,0.0
05/26/06 03:00,0.0
05/26/06 04:00,0.0
05/26/06 05:00,0.0
05/26/06 06:00,0.9
05/26/06 07:00,3.6
05/26/06 08:00,5.7
05/26/06 09:00,7.0
05/26/06 10:00,8.3
05/26/06 11:00,8.9
05/26/06 12:00,8.3
05/26/06 13:00,7.9
05/26/06 14:00,7.1
05/26/06 15:00,6.2
05/26/06 16:00,4.1
05/26/06 17:00,0.0
05/26/06 18:00,0.4
05/26/06 19:00,0.0
05/26/06 20:00,0.0
05/26/06 21:00,0.0
05/26/06 22:00,0.0
05/26/06 23:00,0.0
05/27/06 00:00,0.0
05/27/06 01:00,0.0
05/27/06 02:00,0.0
05/27/06 03:00,0.0
05/27/06 04:00,0.0
05/27/06 05:00,0.0
05/27/06 06:00,1.1
05/27/06 07:00,3.7
05/27/06 08:00,3.2
05/27/06 09:00,9.1
05/27/06 10:00,7.2
05/27/06 11:00,8.6
05/27/06 12:00,11.0
05/27/06 13:00,10.7
05/27/06 14:00,7.5
05/27/06 15:00,7.1
05/27/06 16:00,5.4
05/27/06 17:00,2.7
05/27/06 18:00,0.2
05/27/06 19:00,0.0
05/27/06 20:00,0.0
05/27/06 21:00,0.0
05/27/06 22:00,0.0
05/27/06 23:00,0.0
05/28/06 00:00,0.0
05/28/06 01:00,0.0
05/28/06 02:00,0.0
05/28/06 03:00,0.0
05/28/06 04:00,0.0
05/28/06 05:00,0.0
05/28/06 06:00,1.2
05/28/06 07:00,3.9
05/28/06 08:00,6.8
05/28/06 09:00,8.0
05/28/06 10:00,9.7
05/28/06 11:00,10.6
05/28/06 12:00,9.3
05/28/06 13:00,9.9
05/28/06 14:00,9.1
05/28/06 15:00,7.8
05/28/06 16:00,5.3
05/28/06 17:00,2.8
05/28/06 18:00,0.2
05/28/06 19:00,0.0
05/28/06 20:00,0.0
05/28/06 21:00,0.0
05/28/06 22:00,0.0
05/28/06 23:00,0.0
05/29/06 00:00,0.0
05/29/06 01:00,0.0
05/29/06 02:00,0.0
05/29/06 03:00,0.0
05/29/06 04:00,0.0
05/29/06 05:00,0.0
05/29/06 06:00,1.1
05/29/06 07:00,3.7
05/29/06 08:00,6.1
05/29/06 09:00,7.7
05/29/06 10:00,8.8
05/29/06 11:00,9.9
05/29/06 12:00,9.4
05/29/06 13:00,9.4
05/29/06 14:00,8.6
05/29/06 15:00,7.9
05/29/06 16:00,5.1
05/29/06 17:00,2.2
05/29/06 18:00,0.2
05/29/06 19:00,0.0
05/29/06 20:00,0.0
05/29/06 21:00,0.0
05/29/06 22:00,0.0
05/29/06 23:00,0.0
05/30/06 00:00,0.0
05/30/06 01:00,0.0
05/30/06 02:00,0.0
05/30/06 03:00,0.0
05/30/06 04:00,0.0
05/30/06 05:00,0.0
05/30/06 06:00,1.1
05/30/06 07:00,3.8
05/30/06 08:00,6.3
05/30/06 09:00,8.0
05/30/06 10:00,9.0
05/30/06 11:00,9.6
05/30/06 12:00,9.6
05/30/06 13:00,9.1
05/30/06 14:00,7.6
05/30/06 15:00,5.8
05/30/06 16:00,5.2
05/30/06 17:00,2.7
05/30/06 18:00,0.2
05/30/06 19:00,0.0
05/30/06 20:00,0.0
05/30/06 21:00,0.0
05/30/06 22:00,0.0
05/30/06 23:00,0.0
05/31/06 00:00,0.0
05/31/06 01:00,0.0
05/31/06 02:00,0.0
05/31/06 03:00,0.0
05/31/06 04:00,0.0
05/31/06 05:00,0.0
05/31/06 06:00,0.1
05/31/06 07:00,2.0
05/31/06 08:00,5.2
05/31/06 09:00,7.3
05/31/06 10:00,7.9
05/31/06 11:00,9.1
05/31/06 12:00,9.1
05/31/06 13:00,9.3
05/31/06 14:00,8.6
05/31/06 15:00,7.9
05/31/06 16:00,5.5
05/31/06 17:00,2.7
05/31/06 18:00,0.3
05/31/06 19:00,0.0
05/31/06 20:00,0.0
05/31/06 21:00,0.0
05/31/06 22:00,0.0
05/31/06 23:00,0.0
06/01/06 00:00,0.0
06/01/06 01:00,0.0
06/01/06 02:00,0.0
06/01/06 03:00,0.0
06/01/06 04:00,0.0
06/01/06 05:00,0.0
06/01/06 06:00,0.5
06/01/06 07:00,3.8
06/01/06 08:00,6.1
06/01/06 09:00,8.4
06/01/06 10:00,8.5
06/01/06 11:00,9.8
06/01/06 12:00,9.9
06/01/06 13:00,9.9
06/01/06 14:00,7.7
06/01/06 15:00,4.9
06/01/06 16:00,4.7
06/01/06 17:00,2.1
06/01/06 18:00,0.2
06/01/06 19:00,0.0
06/01/06 20:00,0.0
06/01/06 21:00,0.0
06/01/06 22:00,0.0
06/01/06 23:00,0.0
06/02/06 00:00,0.0
06/02/06 01:00,0.0
06/02/06 02:00,0.0
06/02/06 03:00,0.0
06/02/06 04:00,0.0
06/02/06 05:00,0.0
06/02/06 06:00,0.4
06/02/06 07:00,3.2
06/02/06 08:00,5.9
06/02/06 09:00,7.4
06/02/06 10:00,7.8
06/02/06 11:00,4.6
06/02/06 12:00,5.6
06/02/06 13:00,8.0
